bc/prob_true_act,bc/neglogp,rollout/return_min,bc/samples_so_far,rollout/return_mean,dagger/round_episode_count,dagger/mean_episode_reward,dagger/round_timestep_count,bc/l2_norm,dagger/round_num,batch_size,bc/epoch,bc/entropy,bc/ent_loss,bc/loss,rollout/return_max,rollout/return_std,bc/l2_loss,dagger/total_timesteps,bc/batch
0.0006749093875394894,15.512167647034762,-3.879596069920808,32,-3.530671614408493,19,-0.4827661565259883,5043,50.50014877319336,0,32,0,4.256815433502197,-0.004256815649569035,15.507910831385193,-3.092331983614713,0.2517752877061131,0.0,5043,0
0.04955777649578978,7.4528437265077985,-3.9407976048532873,16032,-3.564183617406525,,,,79.29712677001953,,32,3,4.189373016357422,-0.00418937299400568,7.448654353513793,-2.856163778807968,0.37983499347634814,0.0,,500
0.0523594545472251,5.936426002246699,-4.33147344738245,32,-3.701995046727825,17,-0.44537651319714155,5117,89.35613250732422,1,32,0,4.1346893310546875,-0.004134689457714558,5.932291312788984,-3.464997559785843,0.323496816469837,0.0,10160,0
0.08880473578272222,2.6574316573906085,-3.5176057117059827,16032,-3.341747598024085,,,,120.00382995605469,,32,1,3.7654523849487305,-0.003765452653169632,2.653666204737439,-3.167344445362687,0.1469142400844407,0.0,,500
0.12708303966180468,3.6472928981561497,-3.5917732352390885,32032,-3.362014302914031,,,,126.74618530273438,,32,3,3.2825145721435547,-0.0032825146336108446,3.644010383522539,-3.0378896405454725,0.20149260885837564,0.0,,1000
0.15936359647020704,3.9415260415359596,-3.6657542111352086,32,-3.3792224576696754,17,-0.39618227411718937,5117,130.4238739013672,2,32,0,3.046269178390503,-0.0030462692957371473,3.9384797722402225,-3.0929232558701187,0.2234388531082027,0.0,15277,0
0.21391215963664745,2.022512209044444,-3.1634254595264792,16032,-2.330847111204639,,,,136.18870544433594,,32,1,2.7580981254577637,-0.0027580983005464077,2.0197541107438974,-1.543332847300917,0.6469360304814012,0.0,,500
0.32287605324884305,1.3539628923047946,-3.6456781765446067,32032,-2.543460533185862,,,,143.7462615966797,,32,2,2.4411768913269043,-0.002441176911816001,1.3515217153929786,-1.0465700092026964,0.945334194603391,0.0,,1000
0.4039104271220362,1.0053108515392801,-3.956659129005857,48032,-3.0412855812115596,,,,152.8181610107422,,32,3,2.198946475982666,-0.002198946662247181,1.003111904877033,-0.9537171728443354,1.0661593088615768,0.0,,1500
0.4003709730605579,4.072882144720852,-2.7010274077765644,32,-1.9660966010327683,18,-0.5181497890088294,5241,161.5582275390625,3,32,0,1.9983454942703247,-0.001998345600441098,4.070883799120411,-1.2119272879790515,0.5666621454681139,0.0,20518,0
0.5351825588145089,2.2774515391129295,-2.221344019053504,16032,-1.6219689414370806,,,,171.29306030273438,,32,0,1.8325531482696533,-0.0018325531855225563,2.275618985927407,-0.5332329851808026,0.5922694233798641,0.0,,500
0.6819499150565509,0.511508387015088,-2.7578561854898,32032,-1.7148966838227353,,,,182.0716552734375,,32,1,1.7011938095092773,-0.0017011938616633415,0.5098071931534247,-0.8314159239525907,0.7301597418610302,0.0,,1000
0.6821718202396746,1.2819869536566249,-1.0980750730377622,48032,-0.6432478620408801,,,,190.77723693847656,,32,2,1.5810750722885132,-0.0015810751356184483,1.2804058785210064,-0.27890292536176275,0.3273791800433437,0.0,,1500
0.7815445305593502,0.88169434133753,-3.2634884766303003,64032,-1.6501168063783553,,,,199.82623291015625,,32,3,1.4880739450454712,-0.0014880739618092775,0.8802062673757207,-0.4094763359753415,1.2242658667811344,0.0,,2000
0.7134590191052541,2.2184383208846072,-1.177873138047289,80032,-0.8888281675041071,,,,205.80934143066406,,32,3,1.4294334650039673,-0.0014294335851445794,2.2170088872994627,-0.6118243281598552,0.2428552837867175,0.0,,2500
0.8280400862066546,0.39067526357451815,-1.2131819433125202,32,-0.8538969585992163,18,-0.5380511962705188,5193,207.14666748046875,4,32,0,1.405957818031311,-0.0014059578534215689,0.3892693057210966,-0.3334285187011119,0.34149933638326924,0.0,25711,0
0.7188437296486117,3.4062466941937353,-1.3165751975611784,16032,-0.7687857437849743,,,,213.35592651367188,,32,0,1.432863473892212,-0.0014328635297715664,3.4048138306639637,-0.255987840682792,0.34013077085216026,0.0,,500
0.855151262208133,0.5473655815154984,-1.1200226241344353,32032,-0.8089893807115004,,,,219.4181365966797,,32,1,1.4675830602645874,-0.0014675831189379096,0.5458979983965605,-0.4906160013488261,0.2527637544006024,0.0,,1000
0.8229972669413844,0.8526097979105585,-3.6673862361349165,48032,-1.4301653324291692,,,,224.36180114746094,,32,1,1.4483469724655151,-0.0014483470004051924,0.8511614509101533,-0.6136881171551067,1.1410637331845435,0.0,,1500
0.8591453567790939,0.7567499902951946,-1.554993723082589,64032,-0.753606978240714,,,,229.2600555419922,,32,2,1.3921937942504883,-0.0013921938370913267,0.7553577964581033,-0.3437246473476989,0.45338652807427016,0.0,,2000
1.0023078846279567,0.3421900051908456,-2.5213404026580974,80032,-1.2014196101968992,,,,234.3927764892578,,32,3,1.293941617012024,-0.0012939416337758303,0.34089606355706975,-0.3635292243270669,0.7847408020259266,0.0,,2500
0.8822071502147244,0.6583026803009213,-1.47888425533165,96032,-0.7704153806349495,,,,238.6591033935547,,32,3,1.314010739326477,-0.001314010820351541,0.6569886694805698,-0.3032861286919797,0.4562391962799855,0.0,,3000
0.9269510801553417,1.4953287638911517,-0.80594139157256,32,-0.5107124770358495,18,-0.552013807826572,5216,240.36741638183594,5,32,0,1.2843343019485474,-0.0012843343429267406,1.494044429548225,-0.19454953854437917,0.242566766394588,0.0,30927,0
0.9668618167520844,0.273315594288747,-1.0652072288212366,16032,-0.8740148730497822,,,,244.85177612304688,,32,0,1.3288891315460205,-0.0013288891641423106,0.2719867051246047,-0.642578156417585,0.16565356043031326,0.0,,500
1.0556299161911222,2.2419893400403907,-2.5723326386651024,32032,-1.1211074690545502,,,,249.86610412597656,,32,1,1.2857093811035156,-0.0012857094407081604,2.2407036305996826,-0.2880918466253206,0.834853893968061,0.0,,1000
0.9302569724149687,1.7551191395381336,-0.7041619166284363,48032,-0.5834714668399101,,,,254.52603149414062,,32,1,1.2920063734054565,-0.0012920064618811011,1.7538271330762525,-0.3777798994342447,0.11937259799306112,0.0,,1500
0.7829599348172597,3.326135739545262,-1.9488012716174126,64032,-0.8012724224841804,,,,257.80963134765625,,32,2,1.221532940864563,-0.0012215330498293042,3.324914206495433,-0.30169052655401174,0.6008463764910636,0.0,,2000
0.9291915685640222,2.519663312689697,-0.8460359258169774,80032,-0.580663391581038,,,,261.22357177734375,,32,2,1.23362135887146,-0.0012336213840171695,2.5184296913056796,-0.2626866180507932,0.2199883587938525,0.0,,2500
0.9507293546167158,5.572936259309926,-3.4964068778790534,96032,-1.1167649186128983,,,,264.7173156738281,,32,3,1.2006611824035645,-0.0012006612960249186,5.571735598013901,-0.26031758927274495,1.206241719104002,0.0,,3000
0.9875370229434397,0.5028634649366391,-2.828624040586874,112032,-1.1356603264051954,,,,268.81268310546875,,32,3,1.1857149600982666,-0.001185714965686202,0.5016777499709529,-0.45941416308050975,0.8805979980741345,0.0,,3500
0.9711974338236632,0.6531725387349846,-1.493304186675232,32,-0.7197767768353515,17,-0.4086047049392672,5117,270.28814697265625,6,32,0,1.165073275566101,-0.0011650733649730682,0.6520074653700115,-0.15437677451700438,0.49695614159136575,0.0,36044,0
0.9421289199336517,1.2348489694685798,-1.5483777780245873,16032,-0.8175482547245337,,,,274.16021728515625,,32,0,1.2007545232772827,-0.001200754544697702,1.233648214923882,-0.1664223178595421,0.5443801379283937,0.0,,500
1.0969571645665774,2.2410001528609484,-0.8971260402468033,32032,-0.40664666609736744,,,,275.93487548828125,,32,0,1.1892056465148926,-0.0011892056791111827,2.2398109471818373,-0.16160972137367935,0.26713139585729717,0.0,,1000
1.1388060662201938,0.7511540000288113,-1.142680957185803,48032,-0.7145746687994687,,,,280.7388610839844,,32,1,1.1431448459625244,-0.0011431449092924595,0.7500108551195188,-0.47689300668571377,0.23074549914714373,0.0,,1500
1.085899373989404,0.09583285960744595,-0.9984876507805893,64032,-0.5284390803295537,,,,282.69073486328125,,32,1,1.1062307357788086,-0.0011062307748943567,0.09472662883255159,-0.3474205598322442,0.24010235116848577,0.0,,2000
1.0741966366275761,1.1346820605373558,-0.7190975418052403,80032,-0.426760584294243,,,,283.9738464355469,,32,2,1.1001485586166382,-0.0011001486564055085,1.1335819118809503,-0.14349606041650986,0.20664328613139327,0.0,,2500
1.0786818266205964,0.7289428299299192,-1.567662464818568,96032,-1.026177349642967,,,,287.03912353515625,,32,2,1.0219467878341675,-0.0010219467803835869,0.7279208831495356,-0.33353419198829215,0.45389496519200084,0.0,,3000
1.1446265073925836,-0.07954769968144368,-4.011061849072576,112032,-1.2927848955219816,,,,289.5443115234375,,32,3,1.1465294361114502,-0.001146529451943934,-0.08069422913338761,-0.35512059011671226,1.374025739266543,0.0,,3500
1.3017942525533437,0.1749736901541971,-1.0682515855733072,128032,-0.541010503151847,,,,292.6415100097656,,32,3,1.039402723312378,-0.0010394027922302485,0.17393428736196684,-0.2223278366145678,0.2873683608519734,0.0,,4000
1.0637380725950056,2.4563386890282946,-0.5772610247113334,144032,-0.5039849430626419,,,,294.8273010253906,,32,3,1.0572638511657715,-0.0010572639293968678,2.4552814250988977,-0.3827313372385106,0.07120014817729758,0.0,,4500
1.1071222418627689,1.0715775972747001,-0.9962763855874073,32,-0.577033615745313,17,-0.6740539654651109,5043,294.8489074707031,7,32,0,1.0588303804397583,-0.001058830413967371,1.0705187668607328,-0.38853463944542455,0.22386784669681994,0.0,41087,0
0.98918685311004,0.9573312353545742,-0.679485828113684,16032,-0.40293781350628705,,,,298.1346740722656,,32,0,1.1683847904205322,-0.0011683847988024354,0.9561628505557718,-0.18240494457859313,0.17906120493266495,0.0,,500
0.9599163121423289,1.10781910272087,-0.8174597191664361,32032,-0.5700515849279327,,,,300.5828857421875,,32,0,1.2275807857513428,-0.0012275808257982135,1.1065915218950717,-0.2756600620705285,0.17835760262809933,0.0,,1000
1.0165244426218076,2.8429382862698613,-0.6730390527591226,48032,-0.4355749324648059,,,,302.9769592285156,,32,1,1.11716628074646,-0.0011171663645654917,2.841821119905296,-0.2751220966965775,0.1402733996869806,0.0,,1500
1.0711319523507161,0.5543867556768446,-1.2716746621044877,64032,-0.9983138382385732,,,,306.5570068359375,,32,1,1.1850651502609253,-0.001185065251775086,0.5532016904250695,-0.4960705651137687,0.2813917938836475,0.0,,2000
0.810254242316528,1.5294617382049487,-3.971114046871662,80032,-1.085573816588294,,,,308.2919616699219,,32,1,1.1819087266921997,-0.0011819087667390704,1.5282798294382096,-0.2384774884340004,1.4479945784380661,0.0,,2500
1.0886724448122476,0.23133762353925183,-0.963628172132303,96032,-0.46958278837028045,,,,310.6385803222656,,32,2,1.1234018802642822,-0.0011234019184485078,0.23021422162080332,-0.14477888314922893,0.3305731090610298,0.0,,3000
1.0005473271414265,0.7302110611923609,-0.7583090751177224,112032,-0.5327883474050396,,,,312.664794921875,,32,2,1.151771903038025,-0.0011517719831317663,0.7290592892092291,-0.3027906950665056,0.18121078133607676,0.0,,3500
1.100102482501863,0.31587640832762076,-0.583441775663232,128032,-0.4052073543341976,,,,315.88043212890625,,32,3,1.1017030477523804,-0.0011017031501978636,0.3147747051774229,-0.20550671247292485,0.1397457993135904,0.0,,4000
1.1802081602322985,0.9921273193788089,-1.0857011113366752,144032,-0.6658606392506045,,,,317.5372009277344,,32,3,1.1215261220932007,-0.0011215261183679104,0.991005793260441,-0.2502741602693277,0.27187229897206705,0.0,,4500
1.179777696221612,0.8121646367780017,-1.0064462596128578,160032,-0.6587418580598751,,,,320.7889404296875,,32,3,1.0585541725158691,-0.0010585542768239975,0.8111060825011777,-0.19771866685914574,0.34994251752521083,0.0,,5000
1.1461367303875525,0.17422125856516213,-1.767961627454497,32,-0.536688188653352,17,-0.5048058190766503,5069,321.07427978515625,8,32,0,1.0572525262832642,-0.0010572525206953287,0.1731640060444668,-0.08154726394423051,0.624835313028874,0.0,46156,0
1.3708928111112533,0.2837946081400843,-1.2283607489080168,16032,-0.5603284260119835,,,,322.8812561035156,,32,0,1.016038179397583,-0.0010160382371395826,0.2827785699029447,-0.1937164166229195,0.43396525193191093,0.0,,500
1.1904047943243796,0.08093412737629031,-0.5505530995578738,32032,-0.4319354450220999,,,,325.8487243652344,,32,0,1.051900029182434,-0.0010519000934436917,0.07988222728284662,-0.3020882633936708,0.08258862007880356,0.0,,1000
1.0270426395202878,2.6262953761162073,-1.2571892925552675,48032,-0.7970320609765622,,,,328.9525146484375,,32,1,1.0781855583190918,-0.0010781856253743172,2.625217190490833,-0.35936480752752686,0.35900313162311087,0.0,,1500
1.0864792627188264,1.414691420766983,-3.0075661251321435,64032,-1.239988998472836,,,,332.07916259765625,,32,1,1.0107601881027222,-0.001010760199278593,1.4136806605677044,-0.25769904547269107,0.9371373895559127,0.0,,2000
1.3594831616259064,0.016691818745016018,-1.1772881023935042,80032,-0.6099078737330274,,,,334.6003723144531,,32,1,0.9831746816635132,-0.000983174773864448,0.01570864397115157,-0.10670926333114039,0.3514750501027489,0.0,,2500
1.3373168466805987,0.5415553438725276,-3.9351981091313064,96032,-1.151465194264165,,,,338.008056640625,,32,2,0.9518318176269531,-0.000951831869315356,0.5406035120032122,-0.16019153357774485,1.4165109584832296,0.0,,3000
1.181080651251991,0.5634840720129612,-1.1018609933380503,112032,-0.5074588808012777,,,,340.5977783203125,,32,2,0.9388995170593262,-0.0009388995822519064,0.5625451724307093,-0.2016160100029083,0.3323673658864381,0.0,,3500
1.3741550397629032,-0.2181412272318588,-1.0009492482931819,128032,-0.4270740860774822,,,,343.5162353515625,,32,2,0.9590733051300049,-0.0009590733679942787,-0.21910030059985308,-0.2092884464072995,0.29733074569632423,0.0,,4000
1.353912698289757,0.634448057989607,-3.535758915822953,144032,-1.2062404476084339,,,,346.7242736816406,,32,3,0.9151124954223633,-0.0009151125559583306,0.6335329454336487,-0.16304492565177497,1.2033554474838493,0.0,,4500
1.242603189588701,0.27070065797054216,-3.490600517950952,160032,-1.0153737459833792,,,,349.2666931152344,,32,3,0.9574015140533447,-0.000957401585765183,0.269743256384777,-0.09876566888488014,1.257634589499777,0.0,,5000
1.4608964679666199,0.14926942551348743,-1.9011287688044831,176032,-0.6851236761263862,,,,352.0556335449219,,32,3,0.9157185554504395,-0.0009157186141237617,0.14835370689936367,-0.14270710623532068,0.6434232595718936,0.0,,5500
1.3921424757411247,1.069175247471871,-0.9341878497798461,32,-0.47812361282121857,17,-0.5414155349135398,5117,353.162353515625,9,32,0,0.9200352430343628,-0.0009200352942571044,1.0682552121776139,-0.13506130774476333,0.26299175936701685,0.0,51273,0
1.3282026247029317,0.07367843059786422,-0.7172364553480293,16032,-0.3214283308403537,,,,356.3725891113281,,32,0,0.9824314117431641,-0.000982431462034583,0.07269599913582964,-0.10531891626669676,0.2180147556141104,0.0,,500
1.3361424583392094,-0.04723137714222919,-3.020346235949546,32032,-1.1959693052056537,,,,357.63909912109375,,32,0,1.030369520187378,-0.0010303695453330874,-0.04826174668756228,-0.21383348812742042,0.9685828090199364,0.0,,1000
1.204088185446028,-0.038274313496415,-3.9195231799967587,48032,-1.2616217842456536,,,,360.61083984375,,32,0,1.0315580368041992,-0.0010315580293536186,-0.039305871525768615,-0.11567756445947452,1.3881901499386762,0.0,,1500
1.0954850553752962,1.133109021670558,-1.3279981233426952,64032,-0.60078076549471,,,,363.54827880859375,,32,1,1.0993634462356567,-0.0010993635514751077,1.1320096581190828,-0.1430457692804339,0.43946890928392746,0.0,,2000
1.1881792171826198,0.49239111794622975,-0.7863182241453615,80032,-0.43077697491435174,,,,366.2615051269531,,32,1,1.0295718908309937,-0.0010295719839632511,0.4913615459622665,-0.20588425172581992,0.2273222842312772,0.0,,2500
1.2901392432559893,1.1507434886339285,-3.644876469275914,96032,-0.9347332600937079,,,,369.363037109375,,32,1,0.9889551401138306,-0.0009889551438391209,1.1497545334900894,-0.10592656392145727,1.3648134754204821,0.0,,3000
1.3748703538413547,0.43261670517024364,-1.122580215054768,112032,-0.5798540778443112,,,,371.67022705078125,,32,2,0.9733166694641113,-0.0009733167244121432,0.4316433884458315,-0.14210792793164728,0.36489352547906445,0.0,,3500
1.4857060685485521,-0.1592535585144561,-0.2889807020492299,128032,-0.20271386755093773,,,,374.5845642089844,,32,2,0.9061987400054932,-0.000906198809389025,-0.16015975732384513,-0.11968631097806792,0.05535083600147479,0.0,,4000
1.2527597135199717,0.2341993566224066,-0.92641356032982,144032,-0.45944912924896925,,,,378.28759765625,,32,2,0.9598358869552612,-0.000959835946559906,0.2332395206758467,-0.24195892392890528,0.24689283892819228,0.0,,4500
1.3276801359768209,-0.20533564494516007,-3.652733442140743,160032,-1.0513799874848702,,,,380.27130126953125,,32,3,1.0277440547943115,-0.0010277441469952464,-0.20636338909215532,-0.18548784001905005,1.309413153212704,0.0,,5000
1.3355374680691194,0.6378371101555328,-1.1397423527087085,176032,-0.7103201239544432,,,,383.9678955078125,,32,3,0.987755537033081,-0.0009877556003630161,0.6368493545551698,-0.27143599354167236,0.3132887549403295,0.0,,5500
1.5068124509984786,-0.3471997917661374,-0.820682355963072,192032,-0.4391133161730977,,,,385.95709228515625,,32,3,0.9271621704101562,-0.0009271622402593493,-0.34812695400639676,-0.16156271182990167,0.24693803830917874,0.0,,6000
1.1735395513716032,0.2236892533581948,-0.5434733861256973,32,-0.443013536278886,17,-0.6807067034875646,5117,387.3293762207031,10,32,0,0.9394989013671875,-0.0009394989465363324,0.22274975441165848,-0.3518591600077343,0.06780354346875993,0.0,56390,0
0.9726723358992191,0.5630784925179798,-0.393791537197103,16032,-0.2839882865684558,,,,389.6110534667969,,32,0,1.1659150123596191,-0.001165915047749877,0.5619125774702299,-0.17147058361661038,0.09082959671994385,0.0,,500
1.0351457826007673,0.3525296293825993,-0.8964929598732851,32032,-0.5214698598389077,,,,391.36181640625,,32,0,1.1888660192489624,-0.0011888660956174135,0.3513407632869819,-0.17159762254232191,0.2523261444474012,0.0,,1000
1.1064437956150572,0.5628061450250158,-1.0450238079065457,48032,-0.6219505852459406,,,,392.97198486328125,,32,0,1.203629732131958,-0.0012036297703161836,0.5616025152546996,-0.1838855725909525,0.3137316842758703,0.0,,1500
0.9974777779103418,4.080213069702137,-0.6830579346205923,64032,-0.4343934909618838,,,,396.12530517578125,,32,1,1.2291371822357178,-0.0012291372986510396,4.078983932403486,-0.15296676714206114,0.21033981234207233,0.0,,2000
1.0465825825528632,0.08492763110061441,-1.217558106699471,80032,-0.4065242175912317,,,,397.8685302734375,,32,1,1.2623275518417358,-0.0012623276561498642,0.08366530344446454,-0.16207644063979387,0.4069962346911039,0.0,,2500
0.9119470920509185,0.8076994898907612,-2.1340406662784517,96032,-0.7316591987895663,,,,400.1354675292969,,32,1,1.2519159317016602,-0.0012519159354269505,0.8064475739553343,-0.14508519560695277,0.7131041674084642,0.0,,3000
0.9763370907310831,0.8126116461672942,-1.1545637840245035,112032,-0.5671056837338255,,,,402.69903564453125,,32,1,1.1870901584625244,-0.0011870901798829436,0.8114245559874113,-0.19647964166506426,0.36433034922662993,0.0,,3500
1.1300861448478106,0.8502298436687343,-2.4141166107729077,128032,-0.7459441934488495,,,,405.6087951660156,,32,2,1.177401065826416,-0.0011774011654779315,0.8490524425032564,-0.2799766486277804,0.835560019793721,0.0,,4000
1.0510759338232238,0.791914209153786,-3.3110887417569757,144032,-1.1472878938096982,,,,407.9824523925781,,32,2,1.198319673538208,-0.0011983197182416916,0.7907158894355443,-0.38592794646319817,1.097512270084021,0.0,,4500
0.9553822883062797,3.1035371234963183,-4.581224787980318,160032,-1.5931300271317013,,,,409.7439880371094,,32,2,1.1656967401504517,-0.0011656967690214515,3.102371426727297,-0.11896178584720474,1.768206569540806,0.0,,5000
1.0908244980959965,0.4814695488091738,-0.8205223830318573,176032,-0.3101440504589846,,,,412.779541015625,,32,3,1.1408644914627075,-0.0011408645659685135,0.4803286842432053,-0.06298120621613634,0.2631595151101688,0.0,,5500
1.1367244840269035,0.0922240706898917,-0.35478129798866576,192032,-0.2516009331560781,,,,414.8415832519531,,32,3,1.1092560291290283,-0.0011092560598626733,0.09111481463002903,-0.16837044218118535,0.0704151282753443,0.0,,6000
1.1453580625016118,0.2776406729870847,-3.5415969691239297,208032,-1.1813781263452257,,,,417.314453125,,32,3,1.1284077167510986,-0.001128407777287066,0.27651226520979766,-0.10479050715002813,1.2567997785457452,0.0,,6500
1.2208263226324414,-0.002095640973981322,-0.9875287970535283,224032,-0.49980043299437965,,,,419.1561584472656,,32,3,1.173119306564331,-0.0011731194099411368,-0.003268760383922459,-0.10092909791273996,0.36238380267203013,0.0,,7000
1.0555268517509058,0.31385859750155226,-1.2679436353719211,32,-0.7883670837094542,17,-0.46810690927154885,5117,419.8724060058594,11,32,0,1.1706033945083618,-0.0011706034420058131,0.31268799405954645,-0.10864540709735593,0.4477943718905457,0.0,61507,0
1.0247930205536644,1.43925561420713,-3.394430515356362,16032,-1.302860634046374,,,,421.0213317871094,,32,0,1.142005443572998,-0.0011420055525377393,1.4381136086545923,-0.07569811732537346,1.1726268345997761,0.0,,500
1.0758864725222304,0.7500539822970862,-0.49339250571574667,32032,-0.37213888880651214,,,,423.7939758300781,,32,0,1.1072510480880737,-0.0011072511551901698,0.748946731141896,-0.2874756218807306,0.07017464798670373,0.0,,1000
1.1158367335957795,0.46297510240632056,-1.3131528060075652,48032,-0.5755846022168043,,,,424.33367919921875,,32,0,1.1697734594345093,-0.001169773517176509,0.46180532888914405,-0.1637580219503434,0.4084851915926127,0.0,,1500
1.0432265391840008,0.6494320779229352,-1.1895675872365246,64032,-0.7914934141532285,,,,427.537353515625,,32,1,1.113502025604248,-0.001113502075895667,0.6483185758470396,-0.1744433824569569,0.355183603510371,0.0,,2000
1.1629501330889624,0.3218210259856873,-2.958774270606227,80032,-0.9018570187075966,,,,429.76629638671875,,32,1,1.1636561155319214,-0.0011636561248451471,0.32065736986084215,-0.16969508823058277,1.0585786283081666,0.0,,2500
1.1711268103088313,1.0473769247738967,-0.7901757449108118,96032,-0.4270930136372044,,,,431.577392578125,,32,1,1.1359856128692627,-0.0011359857162460685,1.0462409390576506,-0.10993265403703845,0.24114574887081747,0.0,,3000
1.1029701596201331,0.7825726953019466,-1.10081711795101,112032,-0.7132432876776875,,,,433.306884765625,,32,1,1.118513822555542,-0.0011185138719156384,0.781454181430031,-0.10058492366624705,0.4055072560890959,0.0,,3500
1.0908871289785989,0.7179552778207969,-1.1436411467730068,128032,-0.674422957340721,,,,435.9768371582031,,32,2,1.075453519821167,-0.0010754535906016827,0.7168798242301953,-0.17471719539025798,0.3897559552669215,0.0,,4000
1.1785814388551061,0.5826011960393214,-2.0891089946962893,144032,-0.8080898135976895,,,,438.1206359863281,,32,2,1.181666374206543,-0.0011816663900390267,0.5814195296492823,-0.2507776284874126,0.6975395794971069,0.0,,4500
1.1125037311000152,0.7688958157196922,-0.8418862032085599,160032,-0.3215238509212213,,,,439.86163330078125,,32,2,1.1362159252166748,-0.0011362159857526422,0.7677595997339396,-0.16228580677852733,0.2612563762526233,0.0,,5000
1.223920770008834,0.6905053894636437,-0.9973633321278612,176032,-0.4678473324707738,,,,441.5171203613281,,32,2,1.092373013496399,-0.0010923730442300439,0.6894130164194137,-0.10337355794581526,0.34265670235217194,0.0,,5500
1.1178741263761875,3.3112307594678825,-2.5999811706133187,192032,-0.9866240530522191,,,,443.5836486816406,,32,3,1.03078293800354,-0.0010307829361408949,3.3101999765317416,-0.21898153474467108,0.8523092472504082,0.0,,6000
1.2388130152193617,0.9479628090440069,-1.2707563906442374,208032,-0.7192568045880762,,,,446.01025390625,,32,3,1.0898656845092773,-0.0010898656910285354,0.9468729433529783,-0.15208747374708764,0.3959348008773784,0.0,,6500
1.150456378085357,1.1236679952886213,-0.5128431271295995,224032,-0.3075175313695581,,,,447.6018371582031,,32,3,1.0870604515075684,-0.0010870605474337935,1.1225809347411875,-0.1406746358188684,0.13465695788750892,0.0,,7000
1.2305772806388142,0.18828491588790514,-1.1428867479480687,240032,-0.5612743455139935,,,,449.39227294921875,,32,3,1.043307900428772,-0.001043307944200933,0.1872416079437042,-0.12240872268739622,0.3587704985772358,0.0,,7500
1.211893549205855,1.3470407214625273,-1.5218753714943887,32,-0.5842567120427702,17,-0.5456470268614152,5117,449.0848693847656,12,32,0,1.0164119005203247,-0.001016411930322647,1.3460243095322046,-0.17442566131649073,0.5004654521926113,0.0,66624,0
1.2623477672487922,-0.128175729416612,-0.5504068272457516,16032,-0.28535469743692377,,,,451.8251953125,,32,0,1.0981765985488892,-0.001098176697269082,-0.1292739061138811,-0.13933835517673288,0.15295785433225123,0.0,,500
1.0796436913930507,3.50996310230951,-0.8652541494157049,32032,-0.44669518842238176,,,,452.88446044921875,,32,0,1.1799039840698242,-0.0011799040948972106,3.508783198214613,-0.21722431960461108,0.23260295140799828,0.0,,1000
1.164657206920115,-0.0601631730170374,-0.9702224537177244,48032,-0.47990759800413796,,,,454.96881103515625,,32,0,1.201615571975708,-0.0012016156688332558,-0.061364788685870655,-0.10113919072864519,0.35295078409702035,0.0,,1500
0.812880977987487,1.0598439940073352,-1.3720641795298434,64032,-0.4567455046621035,,,,457.1780700683594,,32,0,1.2335023880004883,-0.0012335024075582623,1.058610491599777,-0.14921378218423342,0.4610211936889109,0.0,,2000
0.9305634963367629,0.5657610673648101,-2.540659699589014,80032,-1.5342323057289833,,,,457.9616394042969,,32,1,1.2326946258544922,-0.001232694718055427,0.5645283726467547,-0.5043355316856832,0.7460075785686906,0.0,,2500
1.0647765951254664,1.214298391042706,-0.8376169844705146,96032,-0.4216630507797163,,,,460.1990661621094,,32,1,1.1839486360549927,-0.0011839487124234438,1.2131144423302826,-0.06442110003717971,0.27420077370668694,0.0,,3000
0.9917413575190179,0.5525848944890751,-1.7301203631795943,112032,-0.6548189182483839,,,,461.3158874511719,,32,1,1.1823887825012207,-0.0011823888635262847,0.5514025056255488,-0.15780140203514748,0.6144935113675354,0.0,,3500
0.9347717464590244,0.6420438524791514,-1.1036761606228538,128032,-0.4054383583323215,,,,464.21038818359375,,32,1,1.1689884662628174,-0.0011689885286614299,0.64087486395049,-0.13079620182907092,0.35600413402944453,0.0,,4000
1.02464281962811,0.03221189752189069,-1.249236604606267,144032,-0.5939084737852681,,,,465.566162109375,,32,2,1.3022181987762451,-0.001302218297496438,0.03090967922439425,-0.22718813207029598,0.3490887320265683,0.0,,4500
1.0843783582280266,0.19700474441789587,-1.39745737965859,160032,-0.59093711229998,,,,467.912353515625,,32,2,1.2465393543243408,-0.0012465394102036953,0.19575820500769217,-0.18631175815789902,0.4839100557262571,0.0,,5000
1.0311606185327467,0.3835558385773277,-0.8382894287042291,176032,-0.35584306624223244,,,,467.93035888671875,,32,2,1.1840968132019043,-0.0011840969091281295,0.3823717416681996,-0.12803232456099067,0.25730643133158276,0.0,,5500
1.2224997270337785,-0.10891567029183834,-0.8086903405855992,192032,-0.4185146242311021,,,,470.4708557128906,,32,2,1.1518431901931763,-0.0011518432293087244,-0.11006751352114706,-0.21015451503444638,0.21844712629141116,0.0,,6000
1.0778858264067495,1.3456468911513584,-1.0184973712130159,208032,-0.37122367107967874,,,,472.0756530761719,,32,3,1.147878646850586,-0.0011478787055239081,1.3444990124458345,-0.07833316551932512,0.33652885097155477,0.0,,6500
0.9805644473296791,1.9765344301562555,-2.7365545690990984,224032,-1.2563190591132298,,,,473.7446594238281,,32,3,1.1892330646514893,-0.0011892331531271338,1.9753451970031284,-0.49396324898771127,0.8501440655986932,0.0,,7000
1.051026810141608,2.501617670068297,-0.8329605208473367,240032,-0.36226835464913165,,,,476.5510559082031,,32,3,1.1755033731460571,-0.0011755034793168306,2.50044216658898,-0.08857309554696258,0.28397554059988883,0.0,,7500
1.275873761515105,0.4023207967545827,-0.3599729153866065,256032,-0.24372205773015593,,,,477.88201904296875,,32,3,1.1480783224105835,-0.0011480783578008413,0.40117271839678187,-0.15245039677392924,0.07122330001755421,0.0,,8000
1.0406118681321446,1.9522322654087954,-0.6603643769522023,32,-0.35067875949316657,17,-0.659215862260145,5117,478.9527587890625,13,32,0,1.2093223333358765,-0.0012093223631381989,1.9510229430456572,-0.22916590170643758,0.1586392758171417,0.0,71741,0
1.1034671679411137,0.0703788098696562,-1.38923340812471,16032,-0.4302490372796456,,,,479.6372375488281,,32,0,1.2318514585494995,-0.0012318515218794346,0.06914695834777676,-0.08604281125917623,0.48620097650549055,0.0,,500
1.0106962700261453,0.9795490109899532,-2.0393407873343676,32032,-0.8769013431068743,,,,482.0309753417969,,32,0,1.2183588743209839,-0.0012183589860796928,0.9783306520038735,-0.21198532418929972,0.6152178861419281,0.0,,1000
1.0469663989778175,0.11031655333754238,-1.9639140365179628,48032,-1.2326079453578132,,,,484.10528564453125,,32,0,1.2312747240066528,-0.001231274800375104,0.10908527853716728,-0.36237901795175276,0.5957261714872966,0.0,,1500
1.081300673954802,0.6633548703564917,-0.6594453476373019,64032,-0.31456731936705185,,,,484.556640625,,32,0,1.2435859441757202,-0.001243585953488946,0.6621112844030027,-0.13846311567976954,0.17955041232207133,0.0,,2000
0.9387012866719907,1.3897835123897424,-0.6461878801128478,80032,-0.328393315629728,,,,485.0083923339844,,32,1,1.3176220655441284,-0.0013176221400499344,1.3884658902496925,-0.090961593132306,0.18851747635162705,0.0,,2500
0.9847321375425246,0.9675618303657088,-3.881009904667735,96032,-1.277375994763861,,,,487.76568603515625,,32,1,1.2349892854690552,-0.0012349893804639578,0.9663268409852448,-0.17974738315751893,1.3578309477475836,0.0,,3000
0.8373788272326372,1.5205193590890487,-1.7646962221770082,112032,-0.7167127606910071,,,,488.9172668457031,,32,1,1.2931163311004639,-0.0012931163655593991,1.5192262427234893,-0.22002642688312335,0.5494287766703899,0.0,,3500
1.0917373541279134,-0.031320239525680124,-0.758561938884668,128032,-0.5672164574274575,,,,490.4385681152344,,32,1,1.2753931283950806,-0.0012753931805491447,-0.03259563270622927,-0.33251564560941915,0.13788898813971312,0.0,,4000
0.9478792417929927,0.9710325578235725,-1.051023902487941,144032,-0.47704832919007456,,,,491.6352233886719,,32,2,1.2626360654830933,-0.0012626361567527056,0.9697699216668197,-0.07666760252141103,0.3833559491752678,0.0,,4500
1.0139774690238428,0.12760144122732986,-0.8170883135535405,160032,-0.43859973142771197,,,,492.6582336425781,,32,2,1.2258319854736328,-0.0012258320348337293,0.12637560919249613,-0.1295957905040268,0.25166061881402413,0.0,,5000
1.1621586902059626,0.01038848624561562,-0.5596345596568426,176032,-0.3472094248256326,,,,494.5531311035156,,32,2,1.192472219467163,-0.0011924722930416465,0.009196013952573974,-0.1552609842219681,0.1440699292650189,0.0,,5500
1.1239561539686835,0.3315997712345593,-0.4292608449977706,192032,-0.16877460346822773,,,,496.7216491699219,,32,2,1.2287930250167847,-0.0012287930585443974,0.3303709781760149,-0.05089178190337407,0.13353087841696196,0.0,,6000
1.0094392963685437,0.6270706349045254,-2.5011806595139205,208032,-0.9688739723394975,,,,497.4894714355469,,32,2,1.2219517230987549,-0.0012219517957419157,0.6258486831087835,-0.28312522556007025,0.8030593226802831,0.0,,6500
1.0165537735561672,0.12336513474094407,-0.7902947919719736,224032,-0.5179066090044216,,,,498.5694885253906,,32,3,1.2507212162017822,-0.0012507212813943624,0.12211441345954971,-0.17523498119044234,0.26252000603982745,0.0,,7000
1.1266310130972943,-0.049554887300971774,-3.160744137596339,240032,-0.9806719292617345,,,,502.26776123046875,,32,3,1.1804234981536865,-0.0011804235400632024,-0.050735310841034977,-0.14844543280196376,1.1238499367684305,0.0,,7500
1.1378621532754214,0.8459802119138007,-0.6943536092876457,256032,-0.32426868125257896,,,,502.59735107421875,,32,3,1.157564401626587,-0.0011575644602999091,0.8448226474535008,-0.08602269995481038,0.2256852871060337,0.0,,8000
1.0485065045135262,0.3238323380411252,-2.829932975117117,272032,-1.3060336612572427,,,,504.1064147949219,,32,3,1.2469470500946045,-0.0012469470966607332,0.3225853909444645,-0.16290828144701663,1.2444574890509983,0.0,,8500
1.0077574076071152,5.132253634581885,-0.8832976943995163,32,-0.5681341227060329,17,-0.4969368414843784,5117,504.66424560546875,14,32,0,1.2294135093688965,-0.001229413552209735,5.1310242210296755,-0.10925867053811089,0.2609595142489694,0.0,76858,0
0.9452075770307844,2.8946512362048744,-0.9861703096685233,16032,-0.5721315090240751,,,,507.08489990234375,,32,0,1.2051341533660889,-0.001205134205520153,2.8934461019993543,-0.22558026167189382,0.30966660974599813,0.0,,500
0.9027798953763116,1.4490162390177657,-0.5839040521314018,32032,-0.2903811286942073,,,,507.89825439453125,,32,0,1.253377914428711,-0.001253377995453775,1.4477628610223119,-0.11110962462225871,0.20020596384956077,0.0,,1000
0.8834481046447945,0.707011917724433,-1.307116277050227,48032,-0.5874035299586466,,,,510.42608642578125,,32,0,1.3157929182052612,-0.0013157930225133896,0.7056961247019196,-0.24056542034668382,0.38883457119721987,0.0,,1500
0.9891175333071376,1.8811355785134394,-0.8152449019071355,64032,-0.47201735439848563,,,,511.6390380859375,,32,0,1.2871854305267334,-0.001287185470573604,1.8798483930428658,-0.19621032695795293,0.26060626192193964,0.0,,2000
0.8235848532380343,1.2902683000777633,-2.656641478650272,80032,-0.9574161534419545,,,,510.4830322265625,,32,1,1.4287208318710327,-0.001428720890544355,1.288839579187219,-0.08406120387553528,0.9133884799636365,0.0,,2500
0.8835241419504121,0.5514191975946675,-0.8620148918125778,96032,-0.488237268071498,,,,512.4558715820312,,32,1,1.3844791650772095,-0.0013844792265444994,0.550034718368123,-0.23583239099571074,0.25140620062661256,0.0,,3000
0.8584700415184077,0.8721668119384017,-0.8687282984037665,112032,-0.46957782957233574,,,,514.6713256835938,,32,1,1.3088303804397583,-0.0013088304549455643,0.8708579814834562,-0.11077753489007591,0.2589608142686192,0.0,,3500
0.8320970885093453,0.8670892345609735,-1.2580910025862977,128032,-0.8932874333917425,,,,515.3735961914062,,32,1,1.3880345821380615,-0.0013880346668884158,0.8657011998940851,-0.22300321838883974,0.3529573318877849,0.0,,4000
0.994651096222883,0.07334247368391011,-1.1820522006346437,144032,-0.5489187910894543,,,,517.4657592773438,,32,1,1.3149387836456299,-0.0013149388832971454,0.07202753480061297,-0.17125569475683733,0.3687517718230226,0.0,,4500
0.9056640402381622,0.6008706625035876,-1.8709641282912344,160032,-0.7818212805381336,,,,517.9146118164062,,32,2,1.3544450998306274,-0.0013544451212510467,0.5995162173823365,-0.11902703349187505,0.6774001346172028,0.0,,5000
1.0780387548886727,0.40307910661993074,-1.3132690246857237,176032,-0.8439908789061519,,,,519.56884765625,,32,2,1.2926466464996338,-0.0012926467461511493,0.4017864598737796,-0.22190046435753175,0.39225115592164284,0.0,,5500
0.9988196616715839,0.7189197566118773,-0.5756171125904075,192032,-0.32452059575734893,,,,522.6533813476562,,32,2,1.3131170272827148,-0.0013131170999258757,0.7176066395119515,-0.10151538185891695,0.16850103949801876,0.0,,6000
1.05663551895428,0.11126264147912758,-1.1910210425630794,208032,-0.571934662223066,,,,523.485107421875,,32,2,1.2619102001190186,-0.0012619103072211146,0.11000073117190647,-0.2279685959474591,0.3684967993502234,0.0,,6500
0.9680395135720736,0.48013538609287276,-0.9858824251496117,224032,-0.5558686219104857,,,,525.3436889648438,,32,2,1.3213450908660889,-0.0013213451020419598,0.4788140409908308,-0.13538741319462133,0.33724786308058013,0.0,,7000
0.9328372249129163,0.7118102113716162,-0.5346482256391027,240032,-0.2547331830161056,,,,527.2894287109375,,32,3,1.2982062101364136,-0.0012982062762603164,0.7105120050953558,-0.1358875367877772,0.14466334054764973,0.0,,7500
0.9666462223696699,0.7188787832538874,-1.456175178362173,256032,-0.8404738398345216,,,,528.8400268554688,,32,3,1.2590210437774658,-0.0012590211117640138,0.7176197621421234,-0.31655130679064314,0.42471259525104194,0.0,,8000
0.9171050634841944,2.594381922462635,-1.3405650007189251,272032,-0.6700152920831897,,,,529.1561279296875,,32,3,1.3367997407913208,-0.0013367998180910945,2.593045122644544,-0.12559949969727313,0.39621397912181316,0.0,,8500
0.9064146266284813,1.1987812169782295,-0.9606548900082998,288032,-0.6093122842336015,,,,529.9359130859375,,32,3,1.2780461311340332,-0.0012780461693182588,1.1975031708089112,-0.18905431526945904,0.32170243814724125,0.0,,9000
1.0164684186662067,0.5794847622583763,-0.7144609157912782,304032,-0.40143212774746645,,,,531.9304809570312,,32,3,1.2725982666015625,-0.0012725982815027237,0.5782121639768736,-0.15793868834407476,0.1992179193861676,0.0,,9500
0.9860253691313706,1.475593044739667,-1.8031507352134213,32,-0.6231149880546581,17,-0.8219899355488663,5117,531.8522338867188,15,32,0,1.2866290807724,-0.0012866291217505932,1.4743064156179164,-0.07701705339786713,0.63688770235692,0.0,81975,0
0.7891911473909333,1.1696651390148556,-1.1189081680204254,16032,-0.4202674472315266,,,,533.8239135742188,,32,0,1.43359375,-0.0014335938030853868,1.1682315452117702,-0.09479923032449733,0.3810217837579021,0.0,,500
0.8325613634725781,0.6534370817726526,-0.7912680115059629,32032,-0.5160594529822446,,,,535.2047729492188,,32,0,1.5058423280715942,-0.0015058424323797226,0.6519312393402729,-0.24352654065478418,0.20001612548498846,0.0,,1000
0.5970408003053542,1.5131525645376436,-0.6687166757910745,48032,-0.43872482799051793,,,,536.3091430664062,,32,0,1.6417961120605469,-0.0016417962033301592,1.5115107683343134,-0.2038556709776458,0.19970370134521576,0.0,,1500
0.7055247895049057,0.8045650804377025,-1.744074688758701,64032,-0.8248712259275635,,,,538.2933349609375,,32,0,1.5921818017959595,-0.0015921818558126688,0.8029728985818898,-0.0942482365971955,0.5300842954869365,0.0,,2000
0.6615015283293649,1.1668230521149492,-1.1789651571161812,80032,-0.5136486321430311,,,,540.6009521484375,,32,0,1.617177963256836,-0.001617178088054061,1.1652058740268951,-0.16188775029331737,0.373180302218016,0.0,,2500
0.7238194479443487,2.396034144546817,-1.8829992862883955,96032,-0.8172991451430789,,,,540.4158935546875,,32,1,1.6156255006790161,-0.001615625573322177,2.394418518973495,-0.17028056379513146,0.6322756496990872,0.0,,3000
0.664549487102202,2.8410057044123946,-2.223127767443657,112032,-1.0749233495411317,,,,542.3804321289062,,32,1,1.6445130109786987,-0.0016445131041109562,2.8393611913082837,-0.15625912162067834,0.8112810338945009,0.0,,3500
0.7161610518988567,4.695055185729593,-0.5923355299455579,128032,-0.3362405750907783,,,,545.2847290039062,,32,1,1.6100308895111084,-0.00161003100220114,4.693445154727391,-0.21444804565544473,0.13229346110186047,0.0,,4000
0.7664631175399876,0.4273940034090279,-1.2802168139860441,144032,-0.7610890498894151,,,,546.5248413085938,,32,1,1.5745787620544434,-0.0015745788114145398,0.42581942459761335,-0.11609178175058332,0.4920199879625428,0.0,,4500
0.8537113372116851,0.2408375343059917,-1.6190764696802944,160032,-0.7324564074143382,,,,547.23046875,,32,1,1.5099025964736938,-0.0015099026495590806,0.23932763165643262,-0.13670215575211841,0.5619140373061439,0.0,,5000
0.7237226171000355,1.8890496121204063,-0.514658770422102,176032,-0.2838937966049343,,,,548.6502075195312,,32,2,1.5132615566253662,-0.0015132615808397532,1.8875363505395666,-0.07159003629476501,0.15598083804285431,0.0,,5500
0.7904082526024242,2.1018612055267636,-1.38847244961471,192032,-0.9241429492492899,,,,549.9720458984375,,32,2,1.5038995742797852,-0.0015038996934890747,2.1003573058332745,-0.36281832547501836,0.3848691680144637,0.0,,6000
0.6505370016371583,2.603698073585175,-1.7244857887271792,208032,-0.5809705961735745,,,,550.8640747070312,,32,2,1.54029381275177,-0.0015402939170598984,2.602157779668115,-0.18422188700424158,0.5928520333963914,0.0,,6500
0.6228331408249461,2.0297335522443882,-1.0494163376351935,224032,-0.6504429724322108,,,,553.3295288085938,,32,2,1.5205533504486084,-0.001520553370937705,2.0282129988734505,-0.31043404447700595,0.2847588413477287,0.0,,7000
0.7415204668538664,0.854074880952949,-0.3723736651991203,240032,-0.34309361065606936,,,,554.0493774414062,,32,2,1.5256584882736206,-0.0015256585320457816,0.8525492224209033,-0.2986485701985657,0.027312598300934767,0.0,,7500
0.6910973435602779,0.6162783124122944,-0.8620249796258577,256032,-0.446394235923799,,,,556.9487915039062,,32,3,1.5133954286575317,-0.0015133954584598541,0.6147649169538345,-0.08329822595260339,0.2936382918470981,0.0,,8000
0.8359935957737157,0.7097967466145706,-0.7942157809202399,272032,-0.3230452159014021,,,,559.0935668945312,,32,3,1.4652336835861206,-0.0014652337413281202,0.7083315128732425,-0.05383272580365883,0.27152916309521197,0.0,,8500
0.7711776470917097,1.7923832243632525,-1.2431638066191226,288032,-0.5504333215968472,,,,560.2976684570312,,32,3,1.4818626642227173,-0.0014818627387285233,1.790901361624524,-0.2210108016479353,0.35577087481378006,0.0,,9000
0.7798042306157802,0.9286171133678911,-0.6318134194134473,304032,-0.3837276651189313,,,,561.1377563476562,,32,3,1.4798917770385742,-0.0014798918273299932,0.9271372215405611,-0.1585376986004121,0.18197079554116186,0.0,,9500
0.7698771741907817,2.7152271824643295,-0.30769953946219175,320032,-0.19575390351701571,,,,561.7303466796875,,32,3,1.529592752456665,-0.0015295927878469229,2.7136975896764826,-0.0816979959568016,0.09417712059499762,0.0,,10000
0.8548158192050808,0.4148217180020694,-1.4989600025583059,32,-0.6962333475967171,17,-0.5868932017508676,5117,562.3484497070312,16,32,0,1.4670878648757935,-0.0014670878881588578,0.41335463011391055,-0.1665264236726216,0.43997312248485526,0.0,87092,0
0.6663383363540751,2.032032657849902,-1.3814212299330393,16032,-0.7431533991030846,,,,562.59814453125,,32,0,1.5166904926300049,-0.0015166905941441655,2.030515967255758,-0.2004780141342053,0.4594226281823063,0.0,,500
0.7964018040031525,0.5132184238515716,-1.3165623554632475,32032,-0.5315351390428986,,,,565.5909423828125,,32,0,1.4935922622680664,-0.001493592280894518,0.511724831570677,-0.05324048869806575,0.43852586202364513,0.0,,1000
0.7776845593670347,0.39918650409166906,-2.0863721073328634,48032,-0.6598145672313649,,,,566.9925537109375,,32,0,1.4931789636611938,-0.0014931790065020323,0.397693325085167,-0.13261297095141344,0.7225388080956521,0.0,,1500
0.7121170324360374,2.449034754639247,-1.351095888096097,64032,-0.68372048129022,,,,568.5110473632812,,32,0,1.5360273122787476,-0.001536027411930263,2.4474987272273165,-0.10936422972008586,0.4928533152694622,0.0,,2000
0.688371419169826,2.4061239227003908,-1.0504062324216648,80032,-0.42123228866348655,,,,569.2031860351562,,32,0,1.548496127128601,-0.0015484961913898587,2.404575426509001,-0.11763317439636012,0.36628655307668545,0.0,,2500
0.7954018818951448,0.4713079219101523,-1.5577898461924633,96032,-0.8202002760557662,,,,570.5202026367188,,32,1,1.5115855932235718,-0.0015115856658667326,0.4697963362442856,-0.06616933107034129,0.6029454046143651,0.0,,3000
0.8144536478650356,0.31595644804308165,-0.9913783884367149,112032,-0.4180417813888198,,,,571.8251342773438,,32,1,1.4882111549377441,-0.0014882112154737115,0.31446823682760794,-0.15841877285856754,0.3251325410762898,0.0,,3500
0.7570095183846836,1.2523022386571985,-1.024521269282559,128032,-0.4473492909410197,,,,573.0545654296875,,32,1,1.4897323846817017,-0.001489732414484024,1.2508125062427145,-0.117885090647178,0.3493540291185024,0.0,,4000
0.7509438006900058,1.8588503171085318,-1.180612897966057,144032,-0.6408860324258058,,,,576.258056640625,,32,1,1.4891071319580078,-0.0014891071477904916,1.8573612099607413,-0.1580824856973777,0.3929950108331713,0.0,,4500
0.9118300814475211,0.11827204913906866,-1.2534426542260917,160032,-0.6979430589470212,,,,577.3611450195312,,32,1,1.4358160495758057,-0.001435816171579063,0.1168362329674896,-0.17044613376492634,0.44046149278930374,0.0,,5000
0.5862378635533594,2.979449184550722,-1.2433744137815665,176032,-0.8189399191474876,,,,578.2413330078125,,32,2,1.5038169622421265,-0.0015038170386105776,2.9779453675121115,-0.22129863891041168,0.33805329999107075,0.0,,5500
0.8937588504824652,0.16990874144887966,-0.6169710785252391,192032,-0.4486794976870442,,,,580.204833984375,,32,2,1.4727717638015747,-0.001472771866247058,0.1684359695826326,-0.3148198967010103,0.11134243253913603,0.0,,6000
0.7314946672812306,1.1202356941297473,-0.8655815038237051,208032,-0.39584819596511805,,,,582.1026611328125,,32,2,1.4226385354995728,-0.0014226386556401849,1.1188130554741071,-0.1054519198169146,0.32068568829101407,0.0,,6500
0.8883684626600447,2.067005580597133,-1.3419378668768331,224032,-0.7343920486413481,,,,585.7736206054688,,32,2,1.410402774810791,-0.001410402823239565,2.0655951777738935,-0.13580749751326948,0.47201581055472597,0.0,,7000
0.8059307271310197,1.8146867296850226,-0.6258837880195642,240032,-0.3696319132041026,,,,585.5639038085938,,32,2,1.467729926109314,-0.0014677300350740552,1.8132189996499486,-0.22076692908012774,0.16995533471367638,0.0,,7500
0.8169504220751996,0.8154654936700371,-0.8247470784262987,256032,-0.5054487475958013,,,,587.0360107421875,,32,2,1.5120450258255005,-0.0015120450407266617,0.8139534486293104,-0.12805359432240948,0.2820950330812197,0.0,,8000
0.8628268451502785,0.2907292845443854,-0.7817259746661875,272032,-0.36714972583286,,,,588.0587768554688,,32,3,1.4314337968826294,-0.0014314338332042098,0.2892978507111812,-0.0854773183564248,0.23118210043408102,0.0,,8500
0.8832421542865782,0.6282648890882949,-1.3341166201917076,288032,-0.5681986892032,,,,589.1682739257812,,32,3,1.3941630125045776,-0.0013941631186753511,0.6268707259696196,-0.17788908758666366,0.4771586815294563,0.0,,9000
0.973947816647078,0.13881433492611603,-1.0550246741477167,304032,-0.398996915106909,,,,591.5430908203125,,32,3,1.367478370666504,-0.0013674783986061811,0.13744685652750985,-0.09061906908027595,0.33769551156504113,0.0,,9500
0.9497401765073957,0.6161142838408608,-0.999229355918942,320032,-0.3820024267406552,,,,593.9354248046875,,32,3,1.3646961450576782,-0.0013646961888298392,0.6147495876520309,-0.08757700171190663,0.35879653360620894,0.0,,10000
0.7957476462374995,1.0456405072696646,-1.3187232586788014,336032,-0.8011437902085163,,,,596.9126586914062,,32,3,1.3983515501022339,-0.0013983516255393624,1.0442421556441253,-0.11975830654591846,0.5038519803897996,0.0,,10500
0.7007563228780085,8.520774241524608,-0.4820581783133093,32,-0.18753553444585122,17,-0.47191920043791047,5117,597.4224853515625,17,32,0,1.4439899921417236,-0.0014439900405704975,8.519330251484037,-0.04122078044565569,0.15433444980228575,0.0,92209,0
0.8258414953732216,0.3180839445448935,-0.7638367298895901,16032,-0.3649562486059949,,,,600.1864624023438,,32,0,1.4867982864379883,-0.0014867983991280198,0.3165971461457655,-0.09156547115617286,0.288589347247709,0.0,,500
0.73160047679685,1.0288452989975192,-0.42862832152604824,32032,-0.25999875659617827,,,,601.6087036132812,,32,0,1.4296555519104004,-0.0014296555891633034,1.027415643408356,-0.13807761914358707,0.13352025712184054,0.0,,1000
0.8577191586532311,0.5432768845922302,-1.1098198331237654,48032,-0.4574676082746009,,,,602.2001342773438,,32,0,1.3846629858016968,-0.0013846630463376641,0.5418922215458926,-0.12298064486094518,0.37525618027594176,0.0,,1500
0.8066710670565008,0.535715040594539,-1.13159725771402,64032,-0.3429538993845199,,,,605.5198364257812,,32,0,1.4495813846588135,-0.0014495814684778452,0.5342654591260612,-0.1300049004785251,0.3944681450732874,0.0,,2000
0.7884285398720579,1.417949818374608,-1.2336897156201303,80032,-0.6379270717183317,,,,606.7618408203125,,32,0,1.454628348350525,-0.0014546284219250083,1.416495189952683,-0.0817795423181451,0.44671406914718736,0.0,,2500
0.9186760726408307,0.36824971229763775,-1.3518703901791014,96032,-0.5056432161027715,,,,607.6821899414062,,32,1,1.400687575340271,-0.0014006876153871417,0.3668490246822506,-0.18927644259929366,0.4291080082722044,0.0,,3000
0.8883853101101036,0.6398830553804781,-0.9568352493224666,112032,-0.4750635286027318,,,,609.29296875,,32,1,1.4316341876983643,-0.0014316343003883958,0.6384514210800897,-0.10799617313386989,0.3253524762033164,0.0,,3500
0.8259095633691274,0.9166128973921153,-1.3234289336651273,128032,-0.8529924236790976,,,,611.4087524414062,,32,1,1.424948811531067,-0.0014249489177018404,0.9151879484744134,-0.29214488276920747,0.3852436678100581,0.0,,4000
0.8987411938919604,0.6798746293286377,-1.366504591445846,144032,-0.6260351530698245,,,,614.4418334960938,,32,1,1.3546104431152344,-0.0013546105474233627,0.6785200187812144,-0.10648444222897524,0.45561624439452036,0.0,,4500
0.9342217843322199,1.20038074166419,-0.23835286497342167,160032,-0.18712669348351482,,,,615.2205200195312,,32,1,1.382914662361145,-0.0013829147210344672,1.1989978269431556,-0.08829325447004521,0.056446707204555045,0.0,,5000
0.8694815151543741,1.3257756254381263,-0.9548222211597022,176032,-0.5120244350146095,,,,619.0118408203125,,32,1,1.4127939939498901,-0.001412794110365212,1.3243628313277611,-0.1227022629500425,0.2910911383107177,0.0,,5500
0.8011150854153559,1.1090441171532408,-1.012068630741851,192032,-0.628428731616441,,,,619.8724365234375,,32,2,1.40755033493042,-0.0014075504150241613,1.1076365667382166,-0.19918647715167026,0.29616842080637634,0.0,,6000
0.7891479738535164,0.8729133120803051,-1.1953782472992316,208032,-0.6225229294797827,,,,621.3916625976562,,32,2,1.4007028341293335,-0.001400702865794301,0.8715126092145108,-0.10850093343924527,0.39841851627369285,0.0,,6500
0.8234740031838157,0.8685799206752328,-1.1719037759794446,224032,-0.5055017005142872,,,,623.8209838867188,,32,2,1.407758116722107,-0.0014077582163736224,0.8671721624588592,-0.0915831901729689,0.4615159763525419,0.0,,7000
0.8004603182663361,0.8708445530697067,-0.3975867325098079,240032,-0.17921911348094,,,,625.7493286132812,,32,2,1.4356341361999512,-0.0014356342144310474,0.8694089188552756,-0.05043230837327428,0.11600904752429095,0.0,,7500
0.9019474332152229,0.2277107398032269,-1.367065495265706,256032,-0.5029463827704603,,,,626.851806640625,,32,2,1.4170089960098267,-0.001417009043507278,0.22629373075971962,-0.14993004933057819,0.46253507521201725,0.0,,8000
0.9405068248281621,0.22547021974476888,-0.9599821168394556,272032,-0.4139795711758779,,,,628.2813720703125,,32,2,1.3946038484573364,-0.001394603867083788,0.2240756158776851,-0.06967704612543457,0.30978990702640713,0.0,,8500
1.001134401041421,2.86747233896756,-0.9615291358240938,288032,-0.41280258543702075,,,,630.2093505859375,,32,3,1.3268617391586304,-0.0013268617913126945,2.8661454771762473,-0.07802666637144284,0.30046706775319987,0.0,,9000
0.8678128327999755,1.7313400427363768,-1.37538338280865,304032,-0.49610039908575343,,,,632.0056762695312,,32,3,1.391479730606079,-0.0013914797455072403,1.7299485629908695,-0.157450345770485,0.4714388234789061,0.0,,9500
0.84351426361803,0.8972823093524498,-1.1123698820083519,320032,-0.5528585989697603,,,,633.5319213867188,,32,3,1.3861359357833862,-0.0013861360494047403,0.895896173303045,-0.18399771129406872,0.35161998855555393,0.0,,10000
0.8160327556726723,1.7186500787883987,-1.2753468551672995,336032,-0.5475097826894852,,,,636.403076171875,,32,3,1.3339684009552002,-0.0013339684810489416,1.7173161103073498,-0.11167878716878477,0.4361447890977353,0.0,,10500
0.839371805762373,1.2839381358253734,-0.7682223326773965,352032,-0.2831298313987645,,,,636.9959106445312,,32,3,1.3725392818450928,-0.0013725393218919635,1.2825655965034815,-0.10750271107826848,0.2443052379237831,0.0,,11000
0.9280154275241321,1.1692091694829725,-1.099549724953249,368032,-0.4560602245488553,,,,638.486572265625,,32,3,1.3350303173065186,-0.001335030421614647,1.1678741390613578,-0.16621295572986128,0.3533196654472482,0.0,,11500
0.9134548209163524,0.7670601997331958,-1.0967978510307148,32,-0.5631621809996432,17,-0.46181902640006117,5117,638.4027099609375,18,32,0,1.3325272798538208,-0.001332527375780046,0.7657276723574158,-0.1681879300977016,0.4109419078836155,0.0,97326,0
0.9024532343865639,0.766238627048181,-0.4284729331993731,16032,-0.28869802373737913,,,,639.644775390625,,32,0,1.3226321935653687,-0.0013226323062554002,0.7649159947419256,-0.16129693167022197,0.10645767132992742,0.0,,500
0.8225308076150766,2.3650976583892165,-1.1600769310607575,32032,-0.6878175293661115,,,,642.6825561523438,,32,0,1.3510992527008057,-0.0013510993449017406,2.3637465590443147,-0.07009891566485749,0.48811165109507404,0.0,,1000
0.8990113956539596,2.3389345869215887,-0.8645392504076881,48032,-0.25843450171923904,,,,642.9832763671875,,32,0,1.3642699718475342,-0.0013642699923366308,2.337570316929252,-0.08959024089017475,0.3035037695380746,0.0,,1500
0.8685012400065328,1.2611867894254911,-1.1310121610877104,64032,-0.7234641212438874,,,,644.0001831054688,,32,0,1.404115915298462,-0.001404115930199623,1.2597826734952915,-0.3900789223935135,0.27184036997028166,0.0,,2000
0.805152820451676,1.82921836497967,-1.0047825905203354,80032,-0.5414137758227298,,,,645.4710693359375,,32,0,1.3899765014648438,-0.001389976590871811,1.8278283883887982,-0.13246657521813177,0.3018519855412681,0.0,,2500
0.9092508083462636,0.7028947260415555,-1.265271251439117,96032,-0.7763050541147095,,,,647.6539306640625,,32,0,1.3636689186096191,-0.0013636689400300384,0.7015310571015254,-0.2467259440018097,0.406086206939291,0.0,,3000
0.8809131683456702,0.8102381845048054,-1.3203104232088663,112032,-0.6491786796672386,,,,648.7969360351562,,32,1,1.3750230073928833,-0.0013750230427831411,0.8088631614620223,-0.12388078936055535,0.3907469398583608,0.0,,3500
0.9808721285437265,0.3925345406024993,-0.29331153303792235,128032,-0.17897954449363168,,,,651.6870727539062,,32,1,1.2832112312316895,-0.0012832112843170762,0.39125132931818224,-0.0895213412695739,0.0727036891268961,0.0,,4000
0.8984895841237261,0.23495870705154587,-1.005882340403332,144032,-0.5234567841143871,,,,652.5573120117188,,32,1,1.3165667057037354,-0.0013165667187422514,0.23364214033280362,-0.07320882769636228,0.3770666739119282,0.0,,4500
0.8658943649093291,1.4148891183438335,-1.0507464485781384,160032,-0.4597421092685181,,,,654.7293090820312,,32,1,1.380157470703125,-0.001380157540552318,1.4135089608032811,-0.19730217325468402,0.31384343423623057,0.0,,5000
0.88323327616234,8.156978678629265,-0.6081565864042204,176032,-0.44993135198565143,,,,656.4927978515625,,32,1,1.3573065996170044,-0.0013573066098615527,8.155621372019404,-0.32645093280916626,0.09786324598220583,0.0,,5500
0.8692562841414874,1.1171574112355476,-1.1271536268614,192032,-0.7400558951248968,,,,657.970703125,,32,1,1.3836486339569092,-0.001383648719638586,1.115773762515909,-0.15798684440778743,0.32030444041996403,0.0,,6000
0.8812209899970702,0.8435393893859374,-1.3383433724666247,208032,-0.4893621341274411,,,,659.8392944335938,,32,2,1.3657640218734741,-0.0013657640665769577,0.8421736253193605,-0.11879020298511023,0.4440579403989485,0.0,,6500
0.9233439531469421,0.6549970012362063,-1.223085383826401,224032,-0.6945806066618389,,,,659.875732421875,,32,2,1.4040169715881348,-0.001404017093591392,0.6535929841426149,-0.1700966910329953,0.34937222713862415,0.0,,7000
0.8010207634324346,1.4729493266087026,-0.5555988074047491,240032,-0.31251160324172816,,,,660.6719970703125,,32,2,1.3845852613449097,-0.0013845852809026837,1.4715647413278,-0.11846553168652463,0.1675081941386945,0.0,,7500
0.9812180103406262,1.6904609274455737,-1.417256645492671,256032,-0.7502136024020729,,,,662.9960327148438,,32,2,1.3299479484558105,-0.0013299479614943266,1.6891309794840794,-0.257693086983636,0.3777025344499812,0.0,,8000
1.0327746162028495,0.2186686430584343,-1.1180426580212952,272032,-0.5423232826262392,,,,666.5494384765625,,32,2,1.2806799411773682,-0.0012806799495592713,0.21738796310887504,-0.2138836796148098,0.337033166179232,0.0,,8500
1.0239950142328562,0.4442872771056099,-0.9656216875082464,288032,-0.5749550988795817,,,,668.93408203125,,32,2,1.271920919418335,-0.0012719209771603346,0.44301535612844956,-0.17157878157377127,0.3332779301430267,0.0,,9000
0.9170612100998075,1.5410573312436286,-1.9343952735798666,304032,-0.8330003086306533,,,,667.5370483398438,,32,3,1.319008708000183,-0.001319008762948215,1.5397383224806804,-0.1704031354838662,0.6330022735288967,0.0,,9500
0.9769937787649476,0.5690844787621367,-1.2705760494118294,320032,-0.5476334137892991,,,,669.761962890625,,32,3,1.3133301734924316,-0.0013133302563801408,0.5677711485057566,-0.27555312241020147,0.38485740147517183,0.0,,10000
1.0049278831796087,0.3819427437507494,-1.091914504992019,336032,-0.7126567543549754,,,,671.7244873046875,,32,3,1.314412236213684,-0.0013144123367965221,0.38062833141395286,-0.13260464901759406,0.32629317675780434,0.0,,10500
0.9209110775740298,0.323930583543993,-1.2764633064216468,352032,-0.6639293663663921,,,,672.0830688476562,,32,3,1.3122029304504395,-0.0013122030068188906,0.3226183805371741,-0.2141036431894463,0.42256066848438606,0.0,,11000
1.0041904951980911,0.8072162728786011,-0.425740304406645,368032,-0.25684848506389246,,,,673.8091430664062,,32,3,1.3164206743240356,-0.0013164207339286804,0.8058998521446724,-0.16409916437442007,0.10754807946306762,0.0,,11500
0.8456514941233928,0.9351943752701756,-1.1375555515405722,384032,-0.3382874467395595,,,,675.5341796875,,32,3,1.3236637115478516,-0.0013236637460067868,0.9338707115241688,-0.1102184706760454,0.40037606774245865,0.0,,12000
0.9100438213788493,0.367002908390859,-1.058397990098456,32,-0.3166845925018606,17,-0.5457572016645881,5117,675.7424926757812,19,32,0,1.3098748922348022,-0.0013098749332129955,0.365693033457646,-0.08800101987071685,0.3725333663317261,0.0,102443,0
0.9453366395965082,0.9149907056607097,-1.1709185931831598,16032,-0.5569613003342966,,,,676.8021240234375,,32,0,1.341415524482727,-0.0013414155691862106,0.9136492900915235,-0.14365681366689387,0.3804327258266246,0.0,,500
0.8022543335650232,0.8404102353856987,-0.6435703983142957,32032,-0.30537282690493156,,,,677.532958984375,,32,0,1.3792964220046997,-0.001379296532832086,0.8390309388528666,-0.09034617768702446,0.19209678473354302,0.0,,1000
1.0154780755965418,0.06048100426709179,-1.0717978995671729,48032,-0.5305369514040649,,,,679.6546020507812,,32,0,1.3691728115081787,-0.0013691728236153722,0.05911183144347642,-0.2974493979563704,0.28051578168977953,0.0,,1500
0.879830225646087,0.6621856873372418,-0.6814021111204056,64032,-0.3713530749837446,,,,680.592041015625,,32,0,1.361654281616211,-0.0013616543728858232,0.660824032964356,-0.14842393763319706,0.19506313099229886,0.0,,2000
0.8851193257238372,0.745431113632855,-1.2008883590460755,80032,-0.6448600470303063,,,,680.4483642578125,,32,0,1.3742785453796387,-0.0013742785668000579,0.7440568350660549,-0.1367112354382698,0.4186172087539004,0.0,,2500
0.8853673489896415,0.2224974511685857,-1.2812704001771635,96032,-0.7685696119220665,,,,682.2297973632812,,32,0,1.4407826662063599,-0.0014407826820388436,0.22105666848654687,-0.15185777285114455,0.43735134682993976,0.0,,3000
0.9715556309091656,0.23505052704240234,-0.8790025107773545,112032,-0.4799564415502573,,,,684.15576171875,,32,1,1.3739209175109863,-0.0013739209389314055,0.23367660610347094,-0.11828901143280746,0.24462931861937712,0.0,,3500
0.8201212800089048,1.0322054124956823,-0.4613891850494838,128032,-0.32750058889942013,,,,686.3057250976562,,32,1,1.3293331861495972,-0.0013293332885950804,1.0308760792070872,-0.17092581617180258,0.11222789869665403,0.0,,4000
0.9707889753697965,1.2851680051937644,-1.2922991415471188,144032,-0.6606442421983957,,,,688.0020751953125,,32,1,1.3374565839767456,-0.001337456633336842,1.2838305485604276,-0.09633809462320642,0.4643470076802025,0.0,,4500
0.8808038130033307,1.4207530732860443,-0.6517363523125823,160032,-0.4692173116007325,,,,688.0798950195312,,32,1,1.396575689315796,-0.0013965757098048925,1.4193564975762394,-0.22083350559296377,0.15169801146892692,0.0,,5000
0.9261011242074679,0.6624100256857375,-0.8545145830212277,176032,-0.3480979766949531,,,,688.8046264648438,,32,1,1.360597848892212,-0.0013605979038402438,0.6610494277818972,-0.18280152428087604,0.2552418617466576,0.0,,5500
0.8341058254519135,4.917974994998181,-1.0240999877132708,192032,-0.6359951241693125,,,,691.4254150390625,,32,1,1.331010103225708,-0.0013310101348906755,4.91664398486329,-0.31857898156158626,0.2358462539480911,0.0,,6000
0.8213440984757777,2.624797567531365,-1.4581132301354955,208032,-0.6248694963887829,,,,692.77978515625,,32,2,1.3722652196884155,-0.0013722652802243829,2.6234253022511407,-0.0922259254484743,0.48035360979764047,0.0,,6500
0.9000488324106642,0.3948248927527653,-1.4327388459350914,224032,-0.6073816594413074,,,,693.732177734375,,32,2,1.3859375715255737,-0.0013859376776963472,0.39343895507506893,-0.12129291324527003,0.5340350012070143,0.0,,7000
1.014053486249498,0.7822703039264761,-0.9773943087784573,240032,-0.49170298997687495,,,,694.6495971679688,,32,2,1.3440557718276978,-0.0013440558686852455,0.7809262480577909,-0.17478649542681524,0.3175906844420285,0.0,,7500
0.99502774949992,0.618300713571883,-1.2263294149379362,256032,-0.7224741513970002,,,,695.9190063476562,,32,2,1.2990689277648926,-0.0012990690302103758,0.6170016445416726,-0.09509342952424049,0.3761679361084332,0.0,,8000
0.8169473127315554,0.855262649118846,-0.4152827833495394,272032,-0.2685657612175419,,,,696.8756713867188,,32,2,1.3732469081878662,-0.0013732470106333494,0.8538894021082126,-0.10579921873431886,0.11561930356886171,0.0,,8500
0.976663251200345,5.916469384942242,-0.8503521858619933,288032,-0.4579964962138547,,,,698.2560424804688,,32,2,1.353485107421875,-0.0013534851605072618,5.915115899781735,-0.2288923614869418,0.2301330638024971,0.0,,9000
0.904930423331159,0.8078907510960065,-1.313125129090622,304032,-0.517397222928139,,,,700.7109375,,32,2,1.2949432134628296,-0.0012949432712048292,0.8065958078248017,-0.19727635572780855,0.40686829358379734,0.0,,9500
0.9373881629614456,1.0970408188084488,-0.996544327805168,320032,-0.6022075181665059,,,,702.7672729492188,,32,3,1.3183510303497314,-0.0013183511327952147,1.0957224676756536,-0.2601553133363268,0.2919845468616417,0.0,,10000
0.8829685449795837,1.2664868893346748,-0.9449262576235924,336032,-0.6700376172403594,,,,702.8117065429688,,32,3,1.370193600654602,-0.0013701936695724726,1.2651166956651023,-0.10612205960933352,0.29955203288781335,0.0,,10500
0.8743170295563628,0.9765209057971322,-1.0162454485252965,352032,-0.6067237619221487,,,,704.1644897460938,,32,3,1.3559433221817017,-0.0013559433864429593,0.9751649624106893,-0.15867777374842262,0.3223683223542008,0.0,,11000
1.0304638125577636,0.38971865516759,-0.8243307077209465,368032,-0.40619843483018486,,,,706.418701171875,,32,3,1.333565592765808,-0.0013335656840354204,0.3883850894835546,-0.12052896780733136,0.3188458793215129,0.0,,11500
0.9305682442219547,1.792082956750091,-1.1325879388132307,384032,-0.4555040441948222,,,,708.7376098632812,,32,3,1.3027945756912231,-0.0013027946697548032,1.7907801620803363,-0.11696888770529767,0.3554185495094369,0.0,,12000
0.8300855172113875,3.7289600194327033,-1.510011327714892,400032,-0.8226635649869423,,,,709.1015625,,32,3,1.2866407632827759,-0.0012866408796980977,3.727673378553005,-0.4011031529371394,0.39462194620364377,0.0,,12500
