batch_size,bc/l2_loss,bc/l2_norm,rollout/return_min,dagger/round_timestep_count,bc/neglogp,bc/loss,dagger/mean_episode_reward,dagger/total_timesteps,bc/ent_loss,bc/batch,rollout/return_std,bc/epoch,dagger/round_episode_count,bc/prob_true_act,rollout/return_max,bc/entropy,bc/samples_so_far,rollout/return_mean,dagger/round_num
32,0.0,46.50014877319336,-5.494818751001731,5160,20.367646116286636,20.363389300637067,-0.21046990200877194,5160,-0.004256815649569035,0,0.5501504388416636,0,25,0.00030514746243977476,-4.134317758493125,4.256815433502197,32,-4.712806192960125,0
32,0.0,63.37083435058594,-4.454889512155205,,2.7594565685346586,2.755415268379436,,,-0.004041300155222416,500,0.06925550754255785,3,,0.07072546670773319,-4.240374790737405,4.041299819946289,16032,-4.333157100249082,
32,0.0,67.27273559570312,-4.8477426279569045,5200,3.2585105057357984,3.2545512239000933,-0.2159860649934182,10360,-0.003959281835705042,0,0.37370738535680703,0,13,0.06064160571475079,-3.7624690167722292,3.9592814445495605,32,-4.13472079023486,1
32,0.0,88.28428649902344,-3.774531756644137,,2.234514852433952,2.231004043861779,,,-0.0035108085721731186,500,0.07945914381722713,1,,0.11310302266563901,-3.545590090332553,3.5108084678649902,16032,-3.6480197875294835,
32,0.0,113.07778930664062,-4.29181452607736,,3.0406325220269985,3.0376856001699246,,,-0.002946921857073903,1000,1.1066448181819426,3,,0.17900319135977577,-1.6182934861863032,2.9469218254089355,32032,-3.0859691038611343,
32,0.0,127.42850494384766,-4.199393085204065,5200,2.393746742214937,2.391188928559352,-0.17553876770230442,15560,-0.0025578136555850506,0,0.6842634536645978,0,13,0.2478374730516552,-2.4137608441524208,2.5578136444091797,32,-3.769564232719131,2
32,0.0,147.41600036621094,-4.54718936374411,,0.7222802276490828,0.7203692957526645,,,-0.001910931896418333,500,1.768907756703367,1,,0.5427990681042373,-0.3038159580246429,1.9109318256378174,16032,-1.7372742059800657,
32,0.0,165.25286865234375,-0.9281506796251051,,0.5164229592178845,0.5150989225936019,,,-0.0013240366242825985,1000,0.284847036717755,2,,0.9177139040804749,-0.1409728600847302,1.3240365982055664,32032,-0.4821061026974348,
32,0.0,180.04832458496094,-0.5416930788924219,,-0.2584635576696282,-0.25928249679246523,,,-0.0008189391228370368,1500,0.13443626657084776,3,,1.6688662979295064,-0.12664499871607404,0.8189390897750854,48032,-0.33884061128737814,
32,0.0,191.51541137695312,-0.4099996031727642,5056,-0.5750772466298835,-0.5755333881124565,-0.14396358973213602,20616,-0.0004561414825730026,0,0.06261993772394385,0,14,2.427227918148634,-0.2479146377881989,0.45614147186279297,32,-0.32605058971203105,3
32,0.0,201.66781616210938,-3.7513830484822392,,-0.5317042154075236,-0.5318822552090634,,,-0.00017803980153985322,500,1.5348828752574135,0,,2.830932048716445,-0.25393875670124544,0.1780397891998291,16032,-2.2457064493428334,
32,0.0,210.0098114013672,-3.920881766360253,,1.102852518786165,1.1029919854331074,,,0.00013946664694231004,1000,1.67244493047263,1,,3.989529507259265,-0.3342593995112111,-0.13946664333343506,32032,-1.8553100507346243,
32,0.0,216.1970977783203,-2.575675393920392,,-0.3865155395346595,-0.3861220910498308,,,0.00039344848482869565,1500,0.9426232416377853,2,,5.235006287762898,-0.1340193028227077,-0.39344847202301025,48032,-0.6955522978933004,
32,0.0,219.78695678710938,-0.3600671607564436,,-0.4390970286939921,-0.4385350263937073,,,0.0005620023002848029,2000,0.06734143848970245,3,,6.365901112499768,-0.16690738510078518,-0.5620023012161255,64032,-0.25747612869308795,
32,0.0,223.46224975585938,-3.0085476592648774,,-1.6903636884613338,-1.6897010295156765,,,0.0006626589456573129,2500,0.9692204476421395,3,,6.7396801748546205,-0.34458800553693436,-0.6626589298248291,80032,-1.144682682164421,
32,0.0,224.0983428955078,-0.6071777879042202,5358,-0.03829224465359149,-0.03760901849661169,-0.24342173884312313,25974,0.0006832261569797993,0,0.20365376560970627,0,15,7.301230193273581,-0.08127029572460742,-0.6832261085510254,32,-0.4297130429331446,4
32,0.0,227.9660186767578,-3.5204725793446414,,-0.7149037105884278,-0.7140533897365319,,,0.0008503208518959582,500,1.3255273456594563,0,,7.809395338056376,-0.20636728345562005,-0.8503208160400391,16032,-1.326349233221117,
32,0.0,230.3026123046875,-0.6498353750102979,,-2.0941302446386185,-2.09323784244185,,,0.0008924021967686713,1000,0.12638630267931011,1,,9.216218329016186,-0.2537569107953459,-0.892402172088623,32032,-0.45418391171333494,
32,0.0,234.05955505371094,-1.608579353953246,,-2.0016058054392785,-2.0005797538546473,,,0.0010260515846312046,1500,0.4321207981486978,1,,9.898483506357607,-0.4773241411385243,-1.0260515213012695,48032,-0.7553034504773677,
32,0.0,236.48646545410156,-1.2252543204667745,,-1.5417077210126695,-1.540639587850335,,,0.0010681331623345613,2000,0.375257948559862,2,,9.986732602789298,-0.1913865717142471,-1.0681331157684326,64032,-0.4937047223553236,
32,0.0,238.2394256591797,-0.49539741845728713,,-2.360212092171095,-2.3590874304060336,,,0.0011246617650613189,2500,0.11669307485047824,3,,11.914857962207211,-0.16952456618128053,-1.1246616840362549,80032,-0.27028516432073957,
32,0.0,240.34730529785156,-4.104002505890094,,-2.0575757042807314,-2.0564162081409965,,,0.0011594961397349834,3000,1.5190205928894922,3,,11.605189066861438,-0.17181925275326648,-1.1594960689544678,96032,-1.0845845716534313,
32,0.0,241.2519989013672,-4.486250306479633,5124,-0.9920808512261728,-0.9909053539168681,-0.1794436595269612,31098,0.0011754973093047738,0,1.6662876749410331,0,14,10.507736015024449,-0.11986800360318739,-1.17549729347229,32,-1.474567449351889,5
32,0.0,243.00205993652344,-0.16408511612098664,,-1.9250196034931113,-1.9237747412784492,,,0.0012448622146621346,500,0.027354928328729898,0,,11.057207721749508,-0.09089456252331729,-1.2448621988296509,16032,-0.12488234085394652,
32,0.0,245.58975219726562,-0.5573047880607191,,-0.5965952934515348,-0.5952880712742603,,,0.0013072221772745252,1000,0.1754334818527093,1,,12.334324343995714,-0.14928248577052727,-1.3072221279144287,32032,-0.3354642746169702,
32,0.0,248.05409240722656,-0.4915287450985488,,0.3908220770937252,0.39212724116452513,,,0.0013051640707999468,1500,0.11642546526406133,1,,8.703220806195716,-0.17115386950899847,-1.3051639795303345,48032,-0.27550092303663404,
32,0.0,249.90455627441406,-0.26592915772198467,,-2.0606278016475983,-2.0592133259179093,,,0.001414475729689002,2000,0.02901036983131004,2,,15.014678891330236,-0.17476619064473198,-1.414475679397583,64032,-0.2172129426653555,
32,0.0,251.91336059570312,-4.265907267457806,,4.420256744538613,4.421707566994422,,,0.0014508224558085203,2500,1.5992337458277748,2,,14.504055337918196,-0.16539821847254643,-1.450822353363037,80032,-1.0859787530105678,
32,0.0,254.02430725097656,-3.2001531642163172,,-2.1971623864811085,-2.1957223547943108,,,0.001440031686797738,3000,1.1700372741059208,3,,15.727745562798408,-0.20762831431784434,-1.44003164768219,96032,-0.8634711900864204,
32,0.0,256.4832458496094,-0.43013243567111203,,-2.4444056040901216,-2.442903873796155,,,0.0015017302939668298,3500,0.11993619625157291,3,,15.97170292711809,-0.10753611001564423,-1.50173020362854,112032,-0.19191096094509702,
32,0.0,257.606201171875,-0.3145533111273835,5279,-2.607103422726543,-2.60559389842678,-0.16338372255365052,36377,0.001509524299763143,0,0.09306539971070518,0,15,16.29675281846153,-0.0653666602447629,-1.5095242261886597,32,-0.16629491040439462,6
32,0.0,259.7481994628906,-1.1897947187317186,,-2.267703557731906,-2.266162721203031,,,0.0015408365288749337,500,0.43251729258794547,0,,16.004736393382515,-0.06871242967099533,-1.5408364534378052,16032,-0.47088281009637284,
32,0.0,261.02532958984375,-0.5480405538983177,,-0.6057463581506282,-0.6042814472289875,,,0.0014649109216406941,1000,0.1857726529199428,0,,15.370830079458457,-0.0792433103415533,-1.464910864830017,32032,-0.2789626094505365,
32,0.0,263.96600341796875,-0.8307624884255347,,0.03600615068332624,0.03753135729109269,,,0.0015252066077664495,1500,0.26951394390613964,1,,14.690744832969553,-0.14245174181451148,-1.5252065658569336,48032,-0.4233428970739624,
32,0.0,265.3173828125,-1.3806828439865058,,-1.9489136164715113,-1.9473124032314466,,,0.0016012132400646806,2000,0.49850707014075085,1,,16.824916527192784,-0.09344131557736546,-1.6012132167816162,64032,-0.3848482311976113,
32,0.0,266.64556884765625,-0.42821737437770935,,-2.466813982884494,-2.4652570934976463,,,0.0015568893868476152,2500,0.11563779495718594,2,,15.5183947516044,-0.13688987215573434,-1.556889295578003,80032,-0.2387230307533173,
32,0.0,268.970458984375,-0.76119518262567,,-2.8863980705341783,-2.884805270280176,,,0.0015928002540022135,3000,0.25584190342861607,2,,18.745197467114917,-0.14470742638332013,-1.5928001403808594,96032,-0.4168943218737695,
32,0.0,270.3918762207031,-0.5639920258763595,,-2.0904804067827074,-2.088867549100077,,,0.0016128576826304197,3500,0.1716275687299101,3,,19.35991170580673,-0.08318267308095528,-1.6128575801849365,112032,-0.2506469105654105,
32,0.0,272.6926574707031,-0.40760386113106506,,-1.8328923789164868,-1.8312146948962358,,,0.0016776840202510357,4000,0.08014372047746648,3,,20.48828051226122,-0.18314811084565008,-1.67768394947052,128032,-0.26730588113714476,
32,0.0,274.2275085449219,-0.6585422959906282,,-1.16334207180184,-1.1617315454524444,,,0.0016105263493955135,4500,0.1859034450937003,3,,17.330986619727415,-0.09410300361196278,-1.6105263233184814,144032,-0.33360740301977787,
32,0.0,274.1893005371094,-0.354880909613712,5062,-2.4783047469135466,-2.4766843201395217,-0.18908051859873992,41439,0.0016204267740249634,0,0.09574084669690738,0,13,18.603041765747708,-0.1056887872509833,-1.6204266548156738,32,-0.19915534387364459,7
32,0.0,276.3596496582031,-0.41941990455961786,,-2.9770865496794094,-2.9753741835557257,,,0.0017123661236837506,500,0.11461069214414642,0,,22.424355214947287,-0.12120286202116404,-1.712365984916687,16032,-0.3000202263065148,
32,0.0,278.167236328125,-0.3752236412910861,,-2.6784521670212955,-2.676777734480983,,,0.0016744325403124094,1000,0.08743821473562616,0,,19.504811872359276,-0.13610601337859407,-1.6744325160980225,32032,-0.20602786272138474,
32,0.0,280.9849853515625,-0.49815123793450766,,-2.284308212560018,-2.282633572567602,,,0.001674639992415905,1500,0.14140260594379075,1,,19.99177786653242,-0.11900446343497606,-1.6746399402618408,48032,-0.22030847453679597,
32,0.0,282.4273376464844,-0.6694835585249166,,-1.4329505373891194,-1.4312382051422943,,,0.001712332246825099,2000,0.16827279007010365,1,,20.01999231804696,-0.205104118987947,-1.7123321294784546,64032,-0.35952088865651605,
32,0.0,283.8397521972656,-0.570463967473188,,-1.1347838705284388,-1.1330328143546224,,,0.0017510561738163233,2500,0.15976143950164867,1,,17.465272937408614,-0.16929436446662294,-1.7510560750961304,80032,-0.31336596321834803,
32,0.0,285.9984130859375,-0.4197663991799345,,-1.0638033860750817,-1.0620937820213237,,,0.0017096040537580848,3000,0.11796135089008038,2,,18.414814693655153,-0.11381857831656816,-1.709604024887085,96032,-0.2818523989559253,
32,0.0,287.75238037109375,-0.29207476667215815,,-2.6892432619399704,-2.687535767448259,,,0.0017074944917112589,3500,0.07994698393734329,2,,19.040666653767182,-0.0738784359782585,-1.7074943780899048,112032,-0.2030753535713302,
32,0.0,290.69793701171875,-0.34557053340540733,,-3.017149684270688,-3.015406195674867,,,0.0017434885958209634,4000,0.09349122575037801,3,,21.899395708767898,-0.09202045124038705,-1.7434885501861572,128032,-0.16734231759655813,
32,0.0,291.35894775390625,-0.23175973931938643,,-3.103490452005947,-3.1017253142348027,,,0.0017651377711445093,4500,0.05098996055024914,3,,23.365518661916795,-0.09103704554036085,-1.7651376724243164,144032,-0.14217587828061368,
32,0.0,293.371337890625,-0.4526703842857387,,-2.230723614654119,-2.228883416474412,,,0.0018401981797069311,5000,0.14393682327049087,3,,20.469485856660466,-0.054080723517472507,-1.840198040008545,160032,-0.21593451247426856,
32,0.0,295.05816650390625,-0.3886103465774795,5083,-2.3272737290990246,-2.3255064080749346,-0.1816947305431733,46522,0.0017673210240900517,0,0.11408684782867301,0,13,22.438645014819745,-0.07970423546430538,-1.767320990562439,32,-0.1681050693983707,8
32,0.0,296.0782165527344,-0.425358996817522,,-1.4491215301991953,-1.4473313991061925,,,0.0017901310930028558,500,0.1439839759226658,0,,22.27521349581086,-0.026558758512692293,-1.7901309728622437,16032,-0.18197467851186958,
32,0.0,297.92669677734375,-0.46218399106510333,,-3.2210435986414243,-3.2191591960506205,,,0.001884402590803802,1000,0.1348172217567596,0,,25.656947021454762,-0.08904152391551179,-1.8844025135040283,32032,-0.24657757255627075,
32,0.0,300.6968078613281,-0.30966665609958,,-2.7362795689526065,-2.7344566698568924,,,0.0018228990957140923,1500,0.09142603400291882,1,,19.136338260897396,-0.08411018487458932,-1.8228989839553833,48032,-0.1886802081440692,
32,0.0,302.34881591796875,-0.41432107468426693,,-2.869406147187245,-2.867604420662527,,,0.0018017265247181058,2000,0.12903315137151772,1,,20.87621069754529,-0.06309517073441384,-1.8017264604568481,64032,-0.16703984265750477,
32,0.0,304.4808349609375,-0.498525335402519,,-2.872563413133354,-2.8707377452156257,,,0.001825667917728424,2500,0.17131173925089235,1,,22.10937864743535,-0.07093434392299969,-1.8256678581237793,80032,-0.22064292991926776,
32,0.0,305.6139221191406,-0.22066573648771737,,-1.284042209095913,-1.282110308820973,,,0.001931900274939835,3000,0.05081811329221514,2,,20.35990106537521,-0.07932558111497201,-1.931900143623352,96032,-0.14372317142551766,
32,0.0,307.84368896484375,-0.14653665738296695,,-3.211424875542829,-3.209533256715471,,,0.0018916188273578882,3500,0.025569596677365927,2,,25.84399780036099,-0.08160821420824504,-1.8916187286376953,112032,-0.10984105386160081,
32,0.0,311.1539611816406,-0.19152367927927116,,-2.8967365381967785,-2.8948440305384384,,,0.0018925076583400369,4000,0.03734924834201645,2,,25.054605149566502,-0.08336624326875608,-1.892507553100586,128032,-0.1238597835877954,
32,0.0,312.6419372558594,-0.31050171435344964,,-2.646457703093536,-2.6445753600061908,,,0.0018823430873453617,4500,0.08582954160940658,3,,23.48362442678761,-0.052227847972972086,-1.882343053817749,144032,-0.18467825836414703,
32,0.0,315.0766296386719,-0.2923594909880194,,-2.2118770244780883,-2.209976011283505,,,0.0019010131945833564,5000,0.06492971911600683,3,,22.026743536752605,-0.0947196251800051,-1.9010131359100342,160032,-0.1913762274369219,
32,0.0,317.7331237792969,-0.42307436194550974,,-2.674347008086415,-2.672396128970804,,,0.0019508791156113148,5500,0.13800885634466725,3,,25.357545692721946,-0.056770190349197946,-1.9508789777755737,176032,-0.2240386156607201,
32,0.0,318.70233154296875,-0.20512221377066453,5035,-2.7947604610135555,-2.7927628437073677,-0.2146048568762266,51557,0.001997617306187749,0,0.05922562388546985,0,13,25.82204532531505,-0.062209198498749174,-1.997617244720459,32,-0.12954495176927594,9
32,0.0,319.9206848144531,-0.27096721960151626,,-3.2048343106503827,-3.202818743032892,,,0.0020155676174908876,500,0.0641904580319571,0,,28.62474615482327,-0.09593301272434474,-2.0155675411224365,16032,-0.14825299574440579,
32,0.0,321.7552795410156,-0.27024114304731484,,-0.6183829244842833,-0.616347338786543,,,0.0020355856977403164,1000,0.06880443327490043,0,,24.068619578043652,-0.08683054573339177,-2.035585641860962,32032,-0.1332788889958465,
32,0.0,323.87652587890625,-0.3223265119304415,,-2.2409126740599756,-2.2388291797320132,,,0.0020834943279623985,1500,0.09786248018494788,0,,30.483003819521855,-0.055233224594303465,-2.083494186401367,48032,-0.17579070381307246,
32,0.0,325.0684509277344,-0.43707391346470104,,-2.910953064421153,-2.9088848998955994,,,0.002068164525553584,2000,0.14354569226351288,1,,32.38465497962308,-0.1023040684112857,-2.068164348602295,64032,-0.26030344375521963,
32,0.0,327.2601318359375,-0.22978004615288228,,-2.4175913156746005,-2.4155481217699175,,,0.002043193904682994,2500,0.06283346589217176,1,,27.171912063450378,-0.06730324000818655,-2.043193817138672,80032,-0.14522012391971656,
32,0.0,329.46612548828125,-0.4132364727156528,,-2.93445873707779,-2.9323462248338785,,,0.002112512243911624,3000,0.12722088024160044,1,,31.35413274699157,-0.06651957405119902,-2.1125121116638184,96032,-0.2504744658166601,
32,0.0,330.4809875488281,-0.3234862009921926,,-1.8488140882674144,-1.8467483102559583,,,0.002065778011456132,3500,0.09825582951365881,2,,26.513694466274593,-0.07116190865053795,-2.0657780170440674,112032,-0.19337408317978771,
32,0.0,332.6359558105469,-0.4512510122767708,,-2.574867178129381,-2.572808590393862,,,0.002058587735518813,4000,0.16180354852725007,2,,29.375706418554955,-0.06774345156736672,-2.0585875511169434,128032,-0.2981308053040266,
32,0.0,334.2507019042969,-0.23670738239889033,,-3.134051959618186,-3.1319842491123877,,,0.002067710505798459,4500,0.07549662337836363,2,,30.158242764111385,-0.05269549477452529,-2.0677103996276855,144032,-0.17461781638776303,
32,0.0,336.76312255859375,-0.3414068430301995,,-3.4421411687022054,-3.4400400954278165,,,0.0021010732743889093,5000,0.0985907740142462,3,,31.803560089264963,-0.08626641298542381,-2.1010732650756836,160032,-0.21162466950881936,
32,0.0,338.05828857421875,-0.3513217645158875,,4.986648458322488,4.988881780566626,,,0.0022333222441375256,5500,0.10775963655793201,3,,30.623367346172436,-0.08295094990899088,-2.2333221435546875,176032,-0.18600824960012688,
32,0.0,340.2677001953125,-0.36638660325843375,,-2.3479227862506313,-2.3458103382679774,,,0.0021124479826539755,6000,0.0985334601572099,3,,27.220633591078823,-0.09743197642819723,-2.11244797706604,192032,-0.1795266651410202,
32,0.0,340.97796630859375,-0.3486705993200303,5082,-3.0218996850258804,-3.0197773298665083,-0.1782366380095482,56639,0.0021223551593720913,0,0.08517643107240373,0,20,28.612100832623053,-0.09759804817258555,-2.1223549842834473,32,-0.2320522289697692,10
32,0.0,342.40972900390625,-0.20060797463156632,,-2.3922944086768734,-2.390232869347285,,,0.0020615393295884132,500,0.04843948095920332,0,,29.34652084399186,-0.04949828136523138,-2.0615391731262207,16032,-0.12581946314421658,
32,0.0,344.3273010253906,-0.4252743223114521,,-2.6270884079212964,-2.624984311806661,,,0.0021040961146354675,1000,0.14721066499937835,0,,28.699220498088415,-0.08845754709545872,-2.104095935821533,32032,-0.25706050212193077,
32,0.0,346.1377868652344,-0.19787186602479778,,-2.6985301601584246,-2.696349658805429,,,0.002180501352995634,1500,0.04671468515248044,0,,35.740061986973615,-0.08319811953697354,-2.1805012226104736,48032,-0.1432698902754055,
32,0.0,348.1471252441406,-0.29312588023458375,,-1.1501011465016013,-1.1479626680529869,,,0.002138478448614478,2000,0.07938572890385324,1,,32.32428148022411,-0.06448629301667097,-2.1384782791137695,64032,-0.1396404254925983,
32,0.0,350.79473876953125,-0.4097267952884067,,-3.0256195317197894,-3.0235029223550414,,,0.002116609364748001,2500,0.13337445055165884,1,,31.384348627071773,-0.09649497486680048,-2.1166093349456787,80032,-0.23780677188569826,
32,0.0,352.2106628417969,-0.43976371234202816,,-3.298402087391209,-3.296271552658495,,,0.0021305347327142954,3000,0.14109716060111305,1,,30.847405604553778,-0.06430841269684606,-2.1305346488952637,96032,-0.19891968995125353,
32,0.0,352.8028259277344,-0.4233093420880323,,-2.1359736649497925,-2.133766728936839,,,0.00220693601295352,3500,0.1155700078625158,1,,32.22994991672526,-0.08989669998481986,-2.2069358825683594,112032,-0.2086484829778783,
32,0.0,354.6451721191406,-0.2629222051582474,,7.471472313897049,7.473724107760301,,,0.0022517938632518053,4000,0.08115940637802178,2,,30.557396802165922,-0.04894785931537626,-2.25179386138916,128032,-0.12496234816790093,
32,0.0,356.80126953125,-0.27446100001725426,,-1.0766572275348747,-1.0744989512637997,,,0.0021582762710750103,4500,0.08102816261037263,2,,31.117126583342,-0.07539445134170819,-2.158276081085205,144032,-0.14797149722471659,
32,0.0,358.5335388183594,-0.34378883581302944,,2.0153084567738406,2.0175577591163747,,,0.0022493023425340652,5000,0.10486670092556588,2,,32.751459848660154,-0.05315974835139059,-2.2493021488189697,160032,-0.16950076978537254,
32,0.0,360.7065124511719,-0.4495172529695992,,-3.476808179720983,-3.4745829928123655,,,0.0022251869086176157,5500,0.10954947103651275,3,,34.74368799898812,-0.1430267361611186,-2.225186824798584,176032,-0.265948588395986,
32,0.0,361.538818359375,-0.23946495468044304,,-3.145311944306483,-3.143040653205132,,,0.0022712911013513803,6000,0.05963278800736805,3,,34.653249279407774,-0.0767114050413511,-2.2712910175323486,192032,-0.19466830246401515,
32,0.0,364.1863098144531,-0.3179532064823434,,-1.5518709013017586,-1.5495614257420174,,,0.0023094755597412586,6500,0.09571330972881596,3,,35.90716426474099,-0.06533102822504588,-2.3094754219055176,208032,-0.17912246122468786,
32,0.0,365.6709289550781,-0.15809956755765597,,-3.3104478358070075,-3.3080981652962684,,,0.002349670510739088,7000,0.03315946226791092,3,,35.08990259926193,-0.062283297833346296,-2.34967041015625,224032,-0.1255912572189118,
32,0.0,365.8625183105469,-0.2926293117197929,5200,-1.5933793409089085,-1.591028058744454,-0.1753196521447255,61839,0.00235128216445446,0,0.06081359963992837,0,13,35.67840651792217,-0.13882412048769766,-2.3512821197509766,32,-0.21766797818345368,11
32,0.0,367.51129150390625,-0.17969195942896476,,-3.0903736885957978,-3.0879477015551737,,,0.0024259870406240225,500,0.048628658190023225,0,,43.02167897899884,-0.03489671712486597,-2.4259870052337646,16032,-0.10765602505580318,
32,0.0,368.31317138671875,-0.20507407152945234,,-0.900626152360982,-0.8982679835317495,,,0.0023581688292324543,1000,0.040482375241758135,0,,38.347704547033416,-0.08661193839907355,-2.358168601989746,32032,-0.12847465864097102,
32,0.0,370.77471923828125,-0.3431352618172241,,-2.703029728672759,-2.7007224158768666,,,0.002307312795892358,1500,0.09238568511355595,0,,38.05629606160907,-0.08306999936030479,-2.3073127269744873,48032,-0.2266383202331781,
32,0.0,373.2850036621094,-0.2335039452300407,,-2.9309240708228383,-2.9285484536651705,,,0.0023756171576678753,2000,0.04332242256587105,1,,38.852417145252645,-0.10913676692871377,-2.375617027282715,64032,-0.15240013427574012,
32,0.0,374.8822937011719,-0.4053568654344417,,-3.674669298889909,-3.6722891475882866,,,0.0023801513016223907,2500,0.16169171078289232,1,,41.33254548864036,-0.03365457302425057,-2.3801512718200684,80032,-0.2412751471501906,
32,0.0,376.47979736328125,-0.32482380973669933,,-2.5846206305781654,-2.5822532060323558,,,0.0023674245458096266,3000,0.10088277126540107,1,,36.25434259725189,-0.06909742348216241,-2.367424488067627,96032,-0.16307478643575452,
32,0.0,377.7500305175781,-0.40750179254973773,,-2.6766553150509775,-2.6742536755764217,,,0.00240163947455585,3500,0.08899104919046215,1,,34.95608451942201,-0.18273323319590418,-2.401639461517334,112032,-0.2777838575697388,
32,0.0,379.8386535644531,-0.2817438194233546,,-3.6688855415454755,-3.6664593773207317,,,0.002426164224743843,4000,0.09748789131210683,2,,44.63827691568817,-0.05526816645942745,-2.426164150238037,128032,-0.17839950140369182,
32,0.0,380.7059326171875,-0.3405501117667882,,1.0359786910506175,1.038501511191784,,,0.0025228201411664486,4500,0.10631489534627833,2,,37.89099509891055,-0.059320218926586676,-2.522819995880127,144032,-0.16379442591933185,
32,0.0,381.9664001464844,-0.355682249453821,,-3.3702631348041177,-3.367801171005267,,,0.0024619637988507748,5000,0.09908032687443799,2,,42.7779061516385,-0.08045612564819749,-2.461963653564453,160032,-0.16170753315163894,
32,0.0,384.8814392089844,-0.396474416651472,,1.0460565181585277,1.0485413228763516,,,0.002484804717823863,5500,0.10610027362396005,2,,44.95022655086231,-0.06733378727221861,-2.484804630279541,176032,-0.25278264589214816,
32,0.0,386.4560546875,-0.42958729905149085,,-1.777010228728669,-1.7745942154543273,,,0.0024160132743418217,6000,0.11180657117021471,3,,42.456961168758916,-0.09946478591155028,-2.416013240814209,192032,-0.2783153606666019,
32,0.0,388.5518798828125,-0.4147370747723471,,-0.2148926944427143,-0.21248543420359,,,0.002407260239124298,6500,0.08232371892589795,3,,41.4642987860226,-0.2068493720544211,-2.4072601795196533,208032,-0.3138358390537178,
32,0.0,389.3412780761719,-0.4342870382279216,,-3.4164232299781556,-3.413924923644137,,,0.0024983063340187073,7000,0.1587493309589222,3,,43.59335365808965,-0.05306802757331752,-2.4983062744140625,224032,-0.21765193219471257,
32,0.0,391.0989074707031,-0.26184164687947487,,-2.6187350049446243,-2.6162575839850026,,,0.002477420959621668,7500,0.07875996993264375,3,,42.96379257113959,-0.06830132300819969,-2.4774208068847656,240032,-0.15698176332334696,
32,0.0,392.2121887207031,-0.33138875752774766,5174,-3.445682994537385,-3.4431223603713828,-0.18019569643280084,67013,0.0025606341660022736,0,0.10265670999487425,0,17,47.16568060555418,-0.04993474240473006,-2.560634136199951,32,-0.14298138972371816,12
32,0.0,394.4114990234375,-0.3762399373390508,,-3.4649176810015194,-3.462445445180332,,,0.002472235821187496,500,0.10941381564066203,0,,45.00239831942729,-0.08421911984623875,-2.472235679626465,16032,-0.21297857924409982,
32,0.0,395.76031494140625,-0.3967328089638613,,-3.1939177528747447,-3.1914453089029617,,,0.0024724439717829227,1000,0.14454761561363613,0,,44.294195203788014,-0.032060663597803796,-2.4724438190460205,32032,-0.24553798779525096,
32,0.0,396.84271240234375,-0.3800686672111624,,-2.907597294386095,-2.9050968623082998,,,0.002500432077795267,1500,0.11276608973416147,0,,49.618706899014946,-0.08235043248714646,-2.500432014465332,48032,-0.21638635896815686,
32,0.0,397.79327392578125,-0.14097767237763037,,-1.923197692233336,-1.9206493217229963,,,0.002548370510339737,2000,0.03414197293855754,0,,48.18204032637228,-0.049786073479481274,-2.548370361328125,64032,-0.0766197351833398,
32,0.0,400.806884765625,-0.19782857640529983,,-3.936023598653562,-3.9334591167283426,,,0.0025644819252192974,2500,0.048789819602521524,1,,52.0397428891738,-0.06810724346723873,-2.564481735229492,80032,-0.10128838270466076,
32,0.0,400.9967041015625,-0.3135094544122694,,-3.4655549397488796,-3.4631067842041814,,,0.0024481555446982384,3000,0.09817985368163316,1,,42.36945964351651,-0.05749579350958811,-2.448155403137207,96032,-0.1714841111755959,
32,0.0,402.4097900390625,-0.25174889872505446,,-3.7517312669557192,-3.749221761933402,,,0.002509505022317171,3500,0.05661691107243583,1,,47.020219202551,-0.10442271707324835,-2.509504795074463,112032,-0.1625182167535968,
32,0.0,404.1993713378906,-0.3256281290032348,,-3.5724792468638293,-3.569934076377856,,,0.002545170485973358,4000,0.09301584689378897,1,,49.29767678038142,-0.057556419818865834,-2.545170307159424,128032,-0.18286945145300706,
32,0.0,406.95281982421875,-0.30444815958253457,,-3.4581034293187254,-3.4555324414068305,,,0.0025709879118949175,4500,0.08929420723882385,2,,40.08556478125158,-0.05671403654559981,-2.5709877014160156,144032,-0.13202928702448843,
32,0.0,407.8341064453125,-0.14688160929199512,,-3.424352637068268,-3.4218850967426713,,,0.0024675403255969286,5000,0.03970871792951545,2,,41.89281819254056,-0.02785869795934559,-2.4675402641296387,160032,-0.08527943146664256,
32,0.0,409.2148132324219,-0.3771121212193975,,-3.285119607965644,-3.2825791334409224,,,0.0025404745247215033,5500,0.09280283680876049,2,,46.822990168992334,-0.11711715925957833,-2.5404744148254395,176032,-0.2582562306819455,
32,0.0,410.9891052246094,-0.37909240716544446,,-1.6758326072466048,-1.673276946343151,,,0.002555660903453827,6000,0.11244062008926796,2,,50.8770878763835,-0.06728198799464735,-2.5556607246398926,192032,-0.25895732754288475,
32,0.0,412.3929443359375,-0.4168322415862349,,-3.0284768622491267,-3.0259024794336167,,,0.0025743828155100346,6500,0.11712505693019518,3,,42.11379916396576,-0.1360952759423526,-2.574382781982422,208032,-0.24562386864272412,
32,0.0,413.1275329589844,-0.3609031436162695,,0.10724747093936826,0.10984447860701407,,,0.002597007667645812,7000,0.11003100334772242,3,,50.50936576648708,-0.07200970542271534,-2.5970075130462646,224032,-0.23885739623146945,
32,0.0,415.51312255859375,-0.3846659720511525,,-3.7072638300597314,-3.704638884810323,,,0.0026249452494084835,7500,0.09762584902351513,3,,51.86462893541661,-0.11473106672565336,-2.6249451637268066,240032,-0.20763070796965621,
32,0.0,417.393798828125,-0.30220554624611395,,-3.8826150770174186,-3.8800173128830115,,,0.0025977641344070435,8000,0.11198947585062266,3,,49.529455580049365,-0.04718307648363407,-2.597764015197754,256032,-0.15041550038913556,
32,0.0,418.8553161621094,-0.38902743213111535,5103,-3.10926577290686,-3.1067132545186036,-0.16968937830201217,72116,0.0025525183882564306,0,0.12130056611357955,0,14,49.672419821896256,-0.07345431414796622,-2.552518367767334,32,-0.16648568142554723,13
32,0.0,420.0840759277344,-0.23657617719982227,,-2.129326024498502,-2.1267401335627683,,,0.0025858909357339144,500,0.06851016964361771,0,,42.43479073658071,-0.06733565190916124,-2.585890769958496,16032,-0.1401825845849089,
32,0.0,421.98150634765625,-0.3957562523683009,,-3.9546424700028098,-3.9520958471192813,,,0.002546622883528471,1000,0.1254871744737395,0,,52.23175670498061,-0.06518513052742492,-2.5466227531433105,32032,-0.20236179177618396,
32,0.0,423.6288757324219,-0.25551013937729294,,-3.835282678001409,-3.832688559762051,,,0.0025941182393580675,1500,0.06787410926643393,0,,50.98606006577828,-0.06273983188293641,-2.594118118286133,48032,-0.15312479812491803,
32,0.0,426.19903564453125,-0.40422014815339935,,-3.8493555827422012,-3.846684749599727,,,0.0026708331424742937,2000,0.1298955708113125,0,,54.09010593369902,-0.056105545121681644,-2.670833110809326,64032,-0.14846655790606747,
32,0.0,427.2966003417969,-0.35810192222561454,,-3.4314907055258868,-3.4288090562358615,,,0.0026816492900252342,2500,0.11637175482039222,1,,48.161500467061536,-0.0444975104369405,-2.6816492080688477,80032,-0.17284975385778126,
32,0.0,429.68817138671875,-0.2958387952276098,,-1.9730589888057333,-1.970414990093432,,,0.0026439987123012543,3000,0.08901022078611791,1,,51.96204517363796,-0.06541945874414523,-2.643998622894287,96032,-0.14233201532770182,
32,0.0,431.74615478515625,-0.31987343194850837,,-3.5549795782704128,-3.5523699509490503,,,0.0026096273213624954,3500,0.11946928300483346,1,,47.99408432218149,-0.05282503856324183,-2.6096272468566895,112032,-0.21035544414007745,
32,0.0,432.59088134765625,-0.18151093578126165,,-3.7023260381346033,-3.6996601095696375,,,0.002665928564965725,4000,0.03911129355790602,1,,54.54720338723763,-0.07342597868409939,-2.665928363800049,128032,-0.11059407227148768,
32,0.0,434.27056884765625,-0.28805860010470496,,0.02332844506999976,0.025932548251510923,,,0.0026041031815111637,4500,0.0741341539923442,1,,44.17572709444356,-0.06721180358363199,-2.6041030883789062,144032,-0.16686953489552253,
32,0.0,435.3685607910156,-0.25453815302898875,,-3.9438688260602586,-3.9412412670540444,,,0.002627559006214142,5000,0.07074796391833578,2,,54.91057226946731,-0.06661786438053241,-2.627558946609497,160032,-0.17565311888974974,
32,0.0,436.5707702636719,-0.3759171517244795,,-3.6549897283735007,-3.6523687247140586,,,0.002621003659442067,5500,0.11923873489290454,2,,49.34931709356491,-0.061664369008212816,-2.6210036277770996,176032,-0.13847993971276082,
32,0.0,439.0295104980469,-0.3170792059863743,,-4.115580668880112,-4.112894344117931,,,0.0026863247621804476,6000,0.10197519211228086,2,,61.811384057219655,-0.08335221775450918,-2.6863245964050293,192032,-0.18904881828239012,
32,0.0,441.2364807128906,-0.3657318969985681,,-2.4309423918112736,-2.4282791880633305,,,0.0026632037479430437,6500,0.09054245592594222,2,,43.87053378574386,-0.11652149387373356,-2.663203716278076,208032,-0.19217340264758603,
32,0.0,442.698974609375,-0.3200848380001844,,-3.2535053482751852,-3.25078909196961,,,0.002716256305575371,7000,0.1111399245585447,3,,58.91325809303409,-0.05936020710214507,-2.7162561416625977,224032,-0.17342796270531835,
32,0.0,443.7259826660156,-0.305966605872527,,-3.890623452732773,-3.887919266134934,,,0.002704186597838998,7500,0.08249422704506626,3,,57.74327772543864,-0.10080619263681001,-2.70418643951416,240032,-0.1889622466360379,
32,0.0,444.7995910644531,-0.19396429695552797,,-2.271461662459888,-2.2686390861363637,,,0.0028225763235241175,8000,0.043555250293099694,3,,64.13950790856042,-0.06038107066342491,-2.8225762844085693,256032,-0.12067040742513199,
32,0.0,447.187744140625,-0.27219903226796305,,-1.0906532502995008,-1.0879211126157218,,,0.0027321376837790012,8500,0.08836472640485092,3,,59.210571471655946,-0.05248571756965248,-2.732137441635132,272032,-0.1743529436454992,
32,0.0,448.4493713378906,-0.40504359734404716,,-4.1443171426806575,-4.141586272294072,,,0.0027308703865855932,9000,0.15085155594778143,3,,64.24717054057218,-0.06905198991444195,-2.730870246887207,288032,-0.2526166715189902,
32,0.0,448.41571044921875,-0.4034435573430528,5196,-3.5689604520435187,-3.5662282875842157,-0.16039657220244413,77312,0.0027321644593030214,0,0.13805166285888307,0,16,55.43222482992081,-0.04457091961376136,-2.7321643829345703,32,-0.17272032486907846,14
32,0.0,449.6116027832031,-0.1780030747395358,,-3.437872804216435,-3.4351849045877807,,,0.0026878996286541224,500,0.03591755646521915,0,,56.46918106041237,-0.07187707340926863,-2.687899589538574,16032,-0.10948620750423288,
32,0.0,450.9144592285156,-0.3246084880702256,,-1.1934018548311363,-1.1907008768723975,,,0.002700977958738804,1000,0.1039903168726379,0,,52.34213544881692,-0.05741800861505908,-2.7009778022766113,32032,-0.19820555416044955,
32,0.0,452.5537414550781,-0.39400237601694243,,-3.56168956555934,-3.5589806415563947,,,0.002708924002945423,1500,0.11855949012650031,0,,56.16961687360454,-0.057292611334560206,-2.708923816680908,48032,-0.17737684779276605,
32,0.0,455.0572814941406,-0.3216613978402165,,-3.680186163379689,-3.6774188210040974,,,0.0027673423755913973,2000,0.0747367615389952,0,,57.039896936568226,-0.11695247531315545,-2.7673423290252686,64032,-0.1760146220891329,
32,0.0,456.587890625,-0.3945457391128002,,-3.524825582210454,-3.5220016333502855,,,0.002823948860168457,2500,0.13789273478353611,1,,63.17254187791761,-0.05048824826189957,-2.823948621749878,80032,-0.1870358892283548,
32,0.0,458.1017150878906,-0.17227374842877907,,-3.644927929888979,-3.6421622268739497,,,0.0027657030150294304,3000,0.03624676316293869,1,,60.508562704290064,-0.06851109134368016,-2.765702962875366,96032,-0.13138791745896014,
32,0.0,458.8360900878906,-0.1495052829668566,,2.075622654870242,2.078388821451083,,,0.0027661665808409452,3500,0.03306621852506193,1,,55.573075832532425,-0.0598990972921456,-2.7661664485931396,112032,-0.1007889999960753,
32,0.0,460.4620666503906,-0.37127212532868725,,-3.1995169537660915,-3.1967542200402606,,,0.0027627337258309126,4000,0.08861869628039547,1,,59.215252252270574,-0.10748722296193591,-2.7627336978912354,128032,-0.2645644027397793,
32,0.0,461.0778503417969,-0.2672919364304107,,0.16214610235377003,0.1649423851127063,,,0.002796282758936286,4500,0.07110957192518631,1,,48.46904765554848,-0.07812285389809404,-2.7962825298309326,144032,-0.15665770592822809,
32,0.0,463.2456970214844,-0.33450873497167777,,-3.5910876156052676,-3.588420257925811,,,0.0026673576794564724,5000,0.10880783550027705,2,,58.67744560159429,-0.0623150849241938,-2.6673574447631836,160032,-0.1860588915180415,
32,0.0,466.18505859375,-0.24602763460279675,,1.1913437783978602,1.1941218891907206,,,0.0027781107928603888,5500,0.06977843884214176,2,,63.29232783659405,-0.07084489356566337,-2.7781107425689697,176032,-0.13786373040711625,
32,0.0,467.0227355957031,-0.3776219464998576,,-3.683305148113772,-3.680543019514784,,,0.002762128598988056,6000,0.11245760902641194,2,,56.636346566824045,-0.0703139265824575,-2.7621283531188965,192032,-0.1854960758559173,
32,0.0,468.19677734375,-0.09889279134768003,,-3.6474878465668406,-3.6447141628158386,,,0.002773683751001954,6500,0.007174704595664197,2,,61.284170465500935,-0.08088714512632578,-2.773683547973633,208032,-0.08977943315321682,
32,0.0,469.1315612792969,-0.3521063217485789,,-4.014950380177258,-4.012115783040433,,,0.002834597136825323,7000,0.09671641181124462,2,,65.54144516204408,-0.09982279139876482,-2.834597110748291,224032,-0.22159029506292427,
32,0.0,471.40386962890625,-0.4249127978073375,,-2.694209912153487,-2.6913855607291355,,,0.0028243514243513346,7500,0.09972877129669744,3,,51.373195959152625,-0.14263988244783832,-2.8243513107299805,240032,-0.3156383543042466,
32,0.0,472.89892578125,-0.34526350666055805,,-3.3260398052442244,-3.323217442659231,,,0.0028223625849932432,8000,0.1150928090499811,3,,62.503724617958966,-0.055333425025310135,-2.8223624229431152,256032,-0.21980191423062934,
32,0.0,474.6316223144531,-0.30813229402519937,,-3.4549480470594367,-3.452148620388319,,,0.002799426671117544,8500,0.08600072011679545,3,,64.14620780863522,-0.06972154950199183,-2.799426555633545,272032,-0.18104944502119907,
32,0.0,475.8392333984375,-0.21823454494006,,-3.6631160516526577,-3.660297498642656,,,0.0028185530100017786,9000,0.058981300517456904,3,,63.49934516267796,-0.04379680803322117,-2.8185529708862305,288032,-0.11102783622900461,
32,0.0,476.9885559082031,-0.4069511774687271,,-3.473321073928818,-3.470498285962239,,,0.002822787966579199,9500,0.13451949527051316,3,,52.99711992179843,-0.032510128354260814,-2.8227877616882324,304032,-0.2344197882604931,
32,0.0,478.2544860839844,-0.3186709455185337,5200,-3.99612411737814,-3.993280702013517,-0.20575214406618705,82512,0.0028434153646230698,0,0.0892460171279585,0,13,59.39165668029649,-0.0833571259040582,-2.8434152603149414,32,-0.18065729679392462,15
32,0.0,478.6080322265625,-0.2144190961298591,,-1.6040001251714702,-1.6011124610415126,,,0.0028876641299575567,500,0.0640050387646629,0,,67.11226146391539,-0.038983034293778474,-2.8876640796661377,16032,-0.09823647331832035,
32,0.0,479.8291931152344,-0.3736040519834205,,-4.2037260201967,-4.200915927786627,,,0.0028100924100726843,1000,0.11833262744349264,0,,67.51732290255723,-0.06370272752974415,-2.8100922107696533,32032,-0.13890628227891283,
32,0.0,481.9010009765625,-0.18848660641378956,,-2.8219077869764586,-2.8190935243367274,,,0.0028142626397311687,1500,0.04436508904969842,0,,56.2775571062446,-0.05672350341046695,-2.8142623901367188,48032,-0.10977295309057808,
32,0.0,483.66558837890625,-0.33113652947577066,,-3.9666381519747507,-3.9637586064165067,,,0.00287954555824399,2000,0.10059505854175821,0,,66.76760561039586,-0.06155292912808363,-2.8795454502105713,64032,-0.20288232370439802,
32,0.0,485.0315856933594,-0.3585428674778086,,-3.8766689891147186,-3.8738163760083486,,,0.0028526131063699722,2500,0.09225198153495877,0,,72.11537471192008,-0.12738435468054377,-2.8526129722595215,80032,-0.24802637216198492,
32,0.0,486.5882873535156,-0.3999021638373961,,4.843687180097254,4.846596877223851,,,0.002909697126597166,3000,0.10746117811004137,1,,67.69625003376056,-0.07367672352847876,-2.9096970558166504,96032,-0.21551800925226416,
32,0.0,487.6268310546875,-0.3935311962245578,,-3.455724608987624,-3.452762310529182,,,0.002962298458442092,3500,0.05338606489756475,1,,68.07834318202454,-0.2400134676372545,-2.9622983932495117,112032,-0.30385603192780763,
32,0.0,489.0916442871094,-0.308979458957765,,2.2380837558392668,2.240933600356453,,,0.002849844517186284,4000,0.08830473646694635,1,,58.92269130305887,-0.06450315385609429,-2.849844455718994,128032,-0.1573061283213974,
32,0.0,489.7942810058594,-0.2695527103751374,,-1.8360403776520742,-1.8332189619893087,,,0.002821415662765503,4500,0.0841448169285513,1,,62.360927278697694,-0.05597622812638292,-2.821415424346924,144032,-0.15593849506367405,
32,0.0,490.469482421875,-0.29686309843327763,,-4.0589478919102335,-4.056060210317978,,,0.0028876815922558308,5000,0.061297113194643815,1,,68.29841307384059,-0.12136584694053454,-2.887681484222412,160032,-0.18423172195780352,
32,0.0,491.3648986816406,-0.304823476675665,,-3.9825314778580054,-3.979707979059471,,,0.002823498798534274,5500,0.09464446911728851,2,,66.33323638614054,-0.06362610049836803,-2.8234987258911133,176032,-0.17908468027599156,
32,0.0,493.3978271484375,-0.3617335325652675,,-2.239046565122805,-2.2361852730213623,,,0.002861292101442814,6000,0.11296579265256916,2,,60.211898015228684,-0.07640583401007461,-2.8612918853759766,192032,-0.19093574806265678,
32,0.0,494.2743225097656,-0.3870563183518243,,-3.835538280728558,-3.8327136855305226,,,0.00282459519803524,6500,0.11704590625999943,2,,48.496665288896764,-0.06918657458300004,-2.8245949745178223,208032,-0.2188552035286193,
32,0.0,495.90020751953125,-0.32131377316181897,,-4.163708461430804,-4.160745140845837,,,0.0029633205849677324,7000,0.09620478105557433,2,,77.08507095033386,-0.0545910302134871,-2.96332049369812,224032,-0.15284540857028334,
32,0.0,498.1053161621094,-0.3080184924401692,,-0.557215132776461,-0.5543166923129925,,,0.0028984404634684324,7500,0.0971245378441698,2,,60.05359431081963,-0.029296212160261348,-2.898440361022949,240032,-0.14659437829213856,
32,0.0,499.1895751953125,-0.2050963822985068,,-3.168650157847036,-3.1656468779356817,,,0.003003279911354184,8000,0.05465819711881286,3,,72.90222541689917,-0.045724518053248175,-3.003279685974121,256032,-0.14733354243398936,
32,0.0,501.51824951171875,-0.29717226325010415,,-2.4763469812079086,-2.473357359840603,,,0.002989621367305517,8500,0.08226183083654355,3,,62.761426869981335,-0.06870040571811842,-2.989621162414551,272032,-0.16875954716961133,
32,0.0,501.91107177734375,-0.3429973532402073,,-4.382863266425156,-4.379899511145377,,,0.002963755279779434,9000,0.08225999724432673,3,,80.81348136763948,-0.10958068924264808,-2.9637551307678223,288032,-0.23179717875391362,
32,0.0,504.0329895019531,-0.16372003959622816,,-2.7599257889208446,-2.757052631769801,,,0.002873157151043415,9500,0.04402783102855196,3,,55.76740710644495,-0.03492774858750636,-2.873157024383545,304032,-0.0839496589571354,
32,0.0,504.42926025390625,-0.20969007272287854,,-3.4626205200631723,-3.459692999285142,,,0.002927520778030157,10000,0.04223768846728067,3,,68.75282806457287,-0.09291553044022294,-2.927520751953125,320032,-0.1265952016590745,
32,0.0,504.9757385253906,-0.21162224162981147,5200,-4.18140459480894,-4.178556679060805,-0.17333076378473866,87712,0.0028479157481342554,0,0.04943182655208317,0,13,67.62920453531979,-0.06528155287924164,-2.8479156494140625,32,-0.1373595460001525,16
32,0.0,506.823486328125,-0.3943684627665789,,-4.184773876016393,-4.18189749974887,,,0.0028763762675225735,500,0.13311220663923373,0,,72.9747510994355,-0.049437491716162185,-2.876376152038574,16032,-0.22728461009937745,
32,0.0,507.2051696777344,-0.3672084598965739,,-2.4901364564057302,-2.4872879418171805,,,0.002848514588549733,1000,0.07085270782693136,0,,61.07032861633739,-0.14455372046177217,-2.8485145568847656,32032,-0.2649079484770482,
32,0.0,508.0438232421875,-0.35543195673926675,,-3.089905109084392,-3.0870509856056367,,,0.002854123478755355,1500,0.09808483232093024,0,,62.763634038170174,-0.05798883383795328,-2.85412335395813,48032,-0.19015649846605812,
32,0.0,510.2906494140625,-0.4241453857302986,,-4.192240068273042,-4.189317266273667,,,0.002922801999375224,2000,0.13919733066574702,0,,71.41781595843862,-0.05725662381883012,-2.922801971435547,64032,-0.1668249728394585,
32,0.0,512.5191040039062,-0.14588538084353786,,-2.4230235934115596,-2.420128518515045,,,0.0028950748965144157,2500,0.036198899475931676,0,,64.93257256057478,-0.040647316203830997,-2.8950748443603516,80032,-0.09876996640668949,
32,0.0,513.548583984375,-0.331215183257882,,-1.9723432466795425,-1.9693814532307665,,,0.0029617934487760067,3000,0.09339729472848125,1,,69.18914020807605,-0.08472562160750385,-2.9617934226989746,96032,-0.19058272942493204,
32,0.0,515.3753662109375,-0.32751200853454066,,-3.5146899315520885,-3.511675605689338,,,0.003014325862750411,3500,0.11023090034002367,1,,72.35873747717136,-0.04090727135189809,-3.0143256187438965,112032,-0.16730575541732834,
32,0.0,517.0916137695312,-0.285520226778317,,-0.4784962259194272,-0.47556102708526127,,,0.0029351988341659307,4000,0.06672891832034629,1,,54.668313302553365,-0.08207577003122424,-2.9351987838745117,128032,-0.1762111282987462,
32,0.0,518.627685546875,-0.29729926824074937,,-2.237089712132266,-2.2342064897124976,,,0.002883222419768572,4500,0.07779545621284034,1,,68.374643474337,-0.09336055178573588,-2.8832223415374756,144032,-0.20104280324703722,
32,0.0,519.8045043945312,-0.19118102725178687,,-3.0488837927471195,-3.0460016858189647,,,0.002882106928154826,5000,0.04153581230122831,1,,57.53652638153453,-0.07032536488623009,-2.8821067810058594,160032,-0.13336167684274186,
32,0.0,520.1419067382812,-0.28083534395591414,,-3.388092184884419,-3.3851580216809563,,,0.0029341632034629583,5500,0.09316587173147886,2,,64.83097612959804,-0.052344608231578604,-2.9341630935668945,176032,-0.1731779317611654,
32,0.0,522.5346069335938,-0.39777883926944924,,-2.6155300912224337,-2.6125474321898654,,,0.0029826590325683355,6000,0.12750442699208214,2,,69.65879915857656,-0.05597975519231113,-2.982658863067627,192032,-0.14798135319852007,
32,0.0,523.3366088867188,-0.21571000433323206,,-3.4968421256020283,-3.4939390823095655,,,0.0029030432924628258,6500,0.0713636633948938,2,,71.97543868410133,-0.050625256590137724,-2.903043270111084,208032,-0.13743787339844857,
32,0.0,524.9144897460938,-0.3103970366246358,,-3.8422821680930834,-3.8394383422480356,,,0.0028438258450478315,7000,0.07645434486259856,2,,58.57780404197213,-0.09715272225366789,-2.8438258171081543,224032,-0.19173019744666817,
32,0.0,525.8250122070312,-0.18420632460038178,,0.19275153344378304,0.19565892508134675,,,0.0029073916375637054,7500,0.01830444826341624,2,,57.65666827484374,-0.13958984550117748,-2.9073915481567383,240032,-0.16314153313433052,
32,0.0,526.7803344726562,-0.31625446250109235,,-3.2372614518114973,-3.2342873316099543,,,0.0029741202015429735,8000,0.10569672207670824,2,,67.64828628448922,-0.03736178060171369,-2.9741201400756836,256032,-0.17854510445649793,
32,0.0,528.18701171875,-0.34067670716831344,,-3.1898431764314,-3.1867927778841976,,,0.0030503985472023487,8500,0.10535456296926565,3,,72.70332221484782,-0.051451517716486705,-3.050398349761963,272032,-0.17008809991530144,
32,0.0,529.600830078125,-0.1357723219516629,,-3.0844124257671677,-3.0814408622789227,,,0.0029715634882450104,9000,0.03563562557889796,3,,76.97599713774315,-0.03171325340326803,-2.9715633392333984,288032,-0.07397477770236946,
32,0.0,530.6138305664062,-0.4112513930776913,,-1.1870205840932053,-1.1839812959914875,,,0.0030392881017178297,9500,0.09135950757906224,3,,75.92045809413844,-0.1887902038906759,-3.03928804397583,304032,-0.2996143395655963,
32,0.0,532.81982421875,-0.31120832790657005,,-3.9433021931956844,-3.940339457714124,,,0.0029627354815602303,10000,0.09425839108976652,3,,65.51442985488312,-0.06473680898852763,-2.962735414505005,320032,-0.17493770593391672,
32,0.0,533.73828125,-0.3540283872425789,,-1.474030210707034,-1.47102992965437,,,0.0030002810526639223,10500,0.08522232513772697,3,,71.42713084665286,-0.10696645398638793,-3.0002808570861816,336032,-0.2626164450633951,
32,0.0,534.3638305664062,-0.2529888944045524,5343,-1.8131709401585046,-1.8101644422948244,-0.14781064453224343,93055,0.0030064978636801243,0,0.08496394357407112,0,15,71.46204718013583,-0.04856251632372732,-3.006497621536255,32,-0.1386004402211256,17
32,0.0,535.497314453125,-0.2952385481039528,,-3.8645458370519776,-3.8614644249973793,,,0.0030814120545983315,500,0.09215030615909449,0,,75.58749143217989,-0.052130331778244,-3.081411838531494,16032,-0.16010100608145877,
32,0.0,537.04150390625,-0.18623512107660645,,-4.11236955141232,-4.109339129035852,,,0.0030304223764687777,1000,0.04682706126519796,0,,86.63398155076294,-0.04444267038888938,-3.0304222106933594,32032,-0.12063814046887274,
32,0.0,538.7179565429688,-0.1824322509855847,,-3.9931254995597234,-3.9901081378182104,,,0.003017361741513014,1500,0.04726133277736113,0,,72.41702618747824,-0.0657171172388189,-3.017361640930176,48032,-0.10927729991890374,
32,0.0,539.5840454101562,-0.3008258216341346,,-3.5057154131407144,-3.5026921056030544,,,0.0030233075376600027,2000,0.10103787896610629,0,,76.80625112739654,-0.04093787478268496,-3.0233073234558105,64032,-0.1640422338154167,
32,0.0,541.6467895507812,-0.3482956643674697,,-3.6038936004681075,-3.6008934181356365,,,0.003000182332471013,2500,0.11695216867520622,0,,74.42515843341634,-0.06967949345198576,-3.0001821517944336,80032,-0.19550675983991822,
32,0.0,543.4314575195312,-0.30510203422090854,,-2.858156581576142,-2.8551851875886056,,,0.0029713939875364304,3000,0.0826176441631357,1,,49.077764992672755,-0.07535904566611862,-2.9713938236236572,96032,-0.16616584467410575,
32,0.0,544.4747314453125,-0.11010487094881682,,-4.286885285678773,-4.283870492059259,,,0.0030147936195135117,3500,0.027612831119901492,1,,78.77757168570918,-0.027882555397809483,-3.0147933959960938,112032,-0.07383353021650692,
32,0.0,546.1122436523438,-0.3822683782746026,,-3.4184499808717095,-3.4153899158946746,,,0.0030600649770349264,4000,0.10562124775393998,1,,78.0022647813154,-0.08332552114552527,-3.0600647926330566,128032,-0.18929119575877848,
32,0.0,547.2278442382812,-0.41925009338228847,,-1.593592914439712,-1.5905915591064583,,,0.0030013553332537413,4500,0.15316835497714676,1,,70.31738062053753,-0.04535647872216941,-3.0013551712036133,144032,-0.22726859913454972,
32,0.0,548.450439453125,-0.41952024416605127,,16.092595192781452,16.095741203465302,,,0.003146010683849454,5000,0.1424543201376044,1,,74.8708501545934,-0.05333556748519186,-3.146010637283325,160032,-0.2476026449134224,
32,0.0,549.178955078125,-0.37321882826654473,,-4.021807231424928,-4.0187994087548855,,,0.003007822670042515,5500,0.10222473838414545,1,,63.139014304855806,-0.10920184676433564,-3.0078225135803223,176032,-0.18402274202016997,
32,0.0,550.7051391601562,-0.3808400021516718,,-4.334090266379047,-4.331110857895094,,,0.002979408483952284,6000,0.09751987540995496,2,,77.18353976649982,-0.09227622982325556,-2.9794082641601562,192032,-0.22328599118009151,
32,0.0,552.16259765625,-0.33385000184716773,,-2.362033729523951,-2.3590637858384937,,,0.0029699436854571104,6500,0.10581925002892888,2,,56.273009938337196,-0.04322671336012718,-2.9699435234069824,208032,-0.13754208767240925,
32,0.0,553.8130493164062,-0.23770267956933822,,-3.3696921599853464,-3.3666564695827343,,,0.00303569040261209,7000,0.06908589106768917,2,,74.06493046230909,-0.030063561662245775,-3.0356903076171875,224032,-0.12549136795933008,
32,0.0,554.8776245117188,-0.3905870096386934,,-3.3630801808667377,-3.360044726088737,,,0.0030354547780007124,7500,0.1146144204933753,2,,79.39061767762908,-0.05667762693519762,-3.035454750061035,240032,-0.20077504607506852,
32,0.0,556.8118896484375,-0.37714101753044815,,-1.326456550580835,-1.3233378113502767,,,0.003118739230558276,8000,0.09343662251895846,2,,73.85266210885334,-0.1624872275206144,-3.118739128112793,256032,-0.24807951962066,
32,0.0,556.1231079101562,-0.4046328520489624,,-3.465150136827296,-3.4620018178604455,,,0.0031483189668506384,8500,0.14019622637689572,2,,88.43599109904818,-0.08600468797885696,-3.1483187675476074,272032,-0.24865482030145358,
32,0.0,556.9862670898438,-0.4053763363590406,,-4.443718855019629,-4.440514130501047,,,0.003204724518582225,9000,0.09539525826624844,3,,99.09113351267499,-0.15480588093487313,-3.2047243118286133,288032,-0.3076205023913644,
32,0.0,558.6474609375,-0.3789316666589002,,-4.105517133651226,-4.102266031596734,,,0.003251102054491639,9500,0.11956853331797905,3,,97.14196610056393,-0.09405006541783223,-3.2511019706726074,304032,-0.24126936437342011,
32,0.0,560.8829345703125,-0.37805495179782156,,-3.846096988743587,-3.842888919612809,,,0.0032080691307783127,10000,0.10800713221304349,3,,93.72242087534241,-0.05321225997249712,-3.208069086074829,320032,-0.21180967113759835,
32,0.0,561.8021850585938,-0.22504330917581683,,-1.7684034905356227,-1.7652692678344308,,,0.003134222701191902,10500,0.024671513824219896,3,,67.46943757211973,-0.15587121975841,-3.1342225074768066,336032,-0.17688940613588783,
32,0.0,562.8759765625,-0.30604536531609483,,-4.3943455554704745,-4.391250465779715,,,0.003095089690759778,11000,0.06928435569814448,3,,85.86617971784925,-0.09627273426303873,-3.0950894355773926,352032,-0.21011372589528038,
32,0.0,563.5755004882812,-0.31065683651104337,,-4.015744644666362,-4.012616726320508,,,0.0031279183458536863,11500,0.08154305733220918,3,,81.00363165827216,-0.0825687559954531,-3.127918243408203,368032,-0.16165042985521721,
32,0.0,563.9447631835938,-0.3478212538539083,5329,-2.564094633439886,-2.560969652252602,-0.17600215872128805,98384,0.0031249811872839928,0,0.1006698308569582,0,15,93.20478786375116,-0.0651464334814591,-3.124980926513672,32,-0.18716545949737337,18
32,0.0,565.4990844726562,-0.27212045843407395,,-4.462176787058619,-4.458976798082498,,,0.003199988976120949,500,0.08294202980554397,0,,97.48096164235751,-0.04084419126047578,-3.199988842010498,16032,-0.12467020045260142,
32,0.0,566.98193359375,-0.3225269130743982,,-3.8491201013855996,-3.8459138702199223,,,0.003206231165677309,1000,0.08443092934214771,0,,86.83726940767555,-0.10258339961364982,-3.206231117248535,32032,-0.22353548402461457,
32,0.0,567.70458984375,-0.33455751898509334,,-4.1209014746650405,-4.117667189735109,,,0.003234284929931164,1500,0.06165793898526411,0,,69.23467375058235,-0.18743662842098274,-3.2342848777770996,48032,-0.2657615075877402,
32,0.0,568.5419311523438,-0.22789083567113266,,-4.159056524304308,-4.155841194582738,,,0.003215329721570015,2000,0.0660041188678334,0,,90.28242184150402,-0.02805962237835047,-3.215329647064209,64032,-0.10517799700282922,
32,0.0,569.8358154296875,-0.4137981969033717,,-4.518262626044279,-4.515088362991636,,,0.0031742630526423454,2500,0.15572657031778814,0,,98.18720843242315,-0.06028505503672932,-3.1742630004882812,80032,-0.21030403644872422,
32,0.0,572.2391357421875,-0.31214197291774326,,-3.873702913547689,-3.8705138846084566,,,0.00318902893923223,3000,0.07463294533669738,0,,77.26755508385193,-0.1030604497573222,-3.189028739929199,96032,-0.2283903415667737,
32,0.0,572.7340087890625,-0.3721299897515564,,0.7201388944874987,0.723383949697344,,,0.0032450552098453045,3500,0.11941086423147108,1,,96.80895697047858,-0.05351308330864413,-3.2450549602508545,112032,-0.17601646158241238,
32,0.0,575.0320434570312,-0.2992917780720745,,-4.510813276538313,-4.507655365181774,,,0.003157911356538534,4000,0.06952505202241165,1,,94.62233758823815,-0.09313789809675654,-3.1579113006591797,128032,-0.1709536697511794,
32,0.0,576.2837524414062,-0.39072653021867154,,-4.1715281218067926,-4.168362125638984,,,0.003165996167808771,4500,0.136723747731475,1,,86.01917045160738,-0.053999274834495736,-3.1659960746765137,144032,-0.24789304817604715,
32,0.0,578.1168212890625,-0.16782807522031362,,-4.515474576742124,-4.512319830951016,,,0.003154745791107416,5000,0.045089924676169006,1,,94.03031457857173,-0.03619292165967636,-3.154745578765869,160032,-0.09261326095038384,
32,0.0,578.8258056640625,-0.3185558941368072,,-2.830137945140389,-2.8269191229591644,,,0.003218822181224823,5500,0.09182385845937129,1,,91.2949777677386,-0.1099364721630991,-3.2188220024108887,176032,-0.20425215600516822,
32,0.0,580.8939819335938,-0.3412288023828296,,-2.6508108514054056,-2.6475237856312033,,,0.003287065774202347,6000,0.09184803345785574,1,,81.47512670356359,-0.0740576591451827,-3.2870655059814453,192032,-0.24535782884304352,
32,0.0,582.0076293945312,-0.4169273158204305,,-4.579665732645535,-4.576391768950143,,,0.0032739636953920126,6500,0.12785421191460633,2,,102.5141908464678,-0.07168684702992323,-3.273963451385498,208032,-0.1676259523614135,
32,0.0,583.069091796875,-0.401292921975255,,-3.4012012726713525,-3.397868715747501,,,0.003332556923851371,7000,0.151609758596233,2,,91.53047310124896,-0.06673743689498224,-3.33255672454834,224032,-0.25838283378434423,
32,0.0,584.4653930664062,-0.295635589172889,,-4.193120622933613,-4.189852237860443,,,0.003268385073170066,7500,0.06355835188530061,2,,86.1846339977977,-0.11785127013718011,-3.2683849334716797,240032,-0.21788868127914612,
32,0.0,585.22314453125,-0.3938436379794439,,7.72801779079594,7.731333299860063,,,0.0033155090641230345,8000,0.127524315150826,2,,95.20925428907356,-0.0639492140035145,-3.3155088424682617,256032,-0.257811968443275,
32,0.0,587.1980590820312,-0.39151873014634475,,-3.8191466016562536,-3.8158049522301063,,,0.0033416494261473417,8500,0.11099156943912963,2,,96.82018481546022,-0.08508654000434035,-3.341649293899536,272032,-0.18289747211929352,
32,0.0,588.366943359375,-0.4016082697417005,,-2.7147193574048387,-2.7113613302055555,,,0.0033580271992832422,9000,0.11602739541957895,2,,109.75570585745409,-0.1134413594227226,-3.3580269813537598,288032,-0.21704820813974948,
32,0.0,588.854736328125,-0.38295408530393615,,-3.032120355839917,-3.0288311647875994,,,0.0032891910523176193,9500,0.10085473213269211,3,,98.39477844103828,-0.06764091158402152,-3.2891910076141357,304032,-0.23190677055245032,
32,0.0,590.1270751953125,-0.2780971187639807,,-4.148904015609462,-4.145638771421675,,,0.003265244187787175,10000,0.08934374078787348,3,,83.80311044737878,-0.04577419784163794,-3.2652440071105957,320032,-0.09994130791874341,
32,0.0,590.5558471679688,-0.33178687391773565,,-4.023128629458212,-4.019896152225398,,,0.003232477232813835,10500,0.10348971447062408,3,,88.55637114497596,-0.05787730993142759,-3.2324771881103516,336032,-0.18798820489937498,
32,0.0,591.0548095703125,-0.13904129803995602,,-3.841221894792793,-3.83797281789924,,,0.0032490768935531378,11000,0.032255921336143585,3,,91.8358657099289,-0.050177481440186966,-3.2490768432617188,352032,-0.0899654719454702,
32,0.0,593.026611328125,-0.3450332278080168,,-4.643889447794166,-4.640600492133629,,,0.0032889556605368853,11500,0.1193578483989207,3,,106.75820336399653,-0.03746628312364919,-3.2889554500579834,368032,-0.1580939594488882,
32,0.0,594.6112670898438,-0.3707557050292962,,-2.2118311786489175,-2.208491347630097,,,0.003339831018820405,12000,0.10776005911991743,3,,101.3917249223019,-0.07218991177796852,-3.3398308753967285,384032,-0.17156798945434276,
32,0.0,595.3788452148438,-0.380942289793893,5276,-3.963513360146076,-3.9602904552795146,-0.12597986869513988,103660,0.0032229048665612936,0,0.12277130118586287,0,18,97.49597795879457,-0.04275028111987922,-3.222904682159424,32,-0.16715311136940728,19
32,0.0,596.3251342773438,-0.21235731570959615,,-3.910729701890468,-3.9074389073335074,,,0.0032907945569604635,500,0.0661019566926252,0,,96.4183253026814,-0.035932443555793725,-3.2907943725585938,16032,-0.0811778537947248,
32,0.0,597.1821899414062,-0.34232531502857455,,10.552939346920716,10.556296354554611,,,0.003357007633894682,1000,0.08332086268948553,0,,103.96381462600615,-0.12003196821387974,-3.3570075035095215,32032,-0.21073170667223168,
32,0.0,598.005126953125,-0.28641546543804,,-4.7257587571773145,-4.722448776211164,,,0.0033099809661507607,1500,0.06524245159711797,0,,113.13925001352263,-0.10450846985622775,-3.309980869293213,48032,-0.21349658625185838,
32,0.0,598.423828125,-0.34479529530653963,,-3.448840294912306,-3.4454796690902088,,,0.003360625822097063,2000,0.08054277469613493,0,,101.1926429150914,-0.10917236794193741,-3.360625743865967,64032,-0.20705452991205675,
32,0.0,600.9413452148438,-0.30368483201164054,,-4.226173052651955,-4.222827305406479,,,0.00334574724547565,2500,0.09445228693699899,0,,101.41860635984035,-0.08947139021620387,-3.3457469940185547,80032,-0.1858057076457044,
32,0.0,602.3854370117188,-0.4302347886223288,,-3.202433177566799,-3.1990903050812807,,,0.0033428724855184555,3000,0.12189844134079052,0,,103.94578827057889,-0.10547219335057889,-3.342872381210327,96032,-0.20127523454793844,
32,0.0,604.0530395507812,-0.42776219649385894,,-4.305467854017488,-4.3022706860174456,,,0.0031971680000424385,3500,0.129988837455491,1,,84.52055150748075,-0.0734816134608991,-3.1971678733825684,112032,-0.28953828416852045,
32,0.0,604.4348754882812,-0.3657950283777609,,-4.297232079703607,-4.293923740891986,,,0.00330833881162107,4000,0.10827404867606946,1,,111.46969050920289,-0.07189162147187744,-3.3083386421203613,128032,-0.1549436016499385,
32,0.0,605.1654663085938,-0.33530538553895894,,-4.359471475784317,-4.356134880878613,,,0.00333659490570426,4500,0.10292313517173031,1,,103.45747558931649,-0.031405170333528076,-3.336594820022583,144032,-0.1484288742783974,
32,0.0,606.3749389648438,-0.373070311765332,,-4.330796578996524,-4.327452743523463,,,0.003343835473060608,5000,0.12434242353608531,1,,98.15229018338043,-0.07390896708602668,-3.3438353538513184,160032,-0.21592042060801758,
32,0.0,608.3882446289062,-0.2580074521511051,,-3.0934150903062534,-3.0899703923655313,,,0.003444697940722108,5500,0.07836783282277338,1,,102.40141680270763,-0.0407251559317956,-3.444697856903076,176032,-0.17519679220513354,
32,0.0,609.789306640625,-0.2785049249177973,,-3.9014975338101854,-3.8980435713053216,,,0.003453962504863739,6000,0.08182947421226566,1,,114.55253042669429,-0.05049040214726119,-3.4539623260498047,192032,-0.1174397524271626,
32,0.0,611.1903686523438,-0.37878639459086116,,-4.731148800609914,-4.727733795328346,,,0.0034150052815675735,6500,0.11886395120381156,2,,124.20103968076411,-0.07369521658984013,-3.4150052070617676,208032,-0.21939973881417246,
32,0.0,612.1076049804688,-0.2034099985685316,,-4.577589315742593,-4.574174017560075,,,0.00341529818251729,7000,0.06675129003099267,2,,111.67632746447771,-0.04948489762318786,-3.4152979850769043,224032,-0.11430186705474625,
32,0.0,613.4248046875,-0.32574624643712013,,-4.580167748397082,-4.576661382932082,,,0.003506365465000272,7500,0.08375643147919577,2,,131.54003413647203,-0.08947116783747333,-3.5063652992248535,240032,-0.17322010932875856,
32,0.0,613.7570190429688,-0.3431544216145994,,-3.6528622251930694,-3.649504879023419,,,0.0033573461696505547,8000,0.13458736123313236,2,,115.52238572707424,-0.046620970340882195,-3.3573460578918457,256032,-0.17802970210541388,
32,0.0,615.68896484375,-0.3859728880888724,,-2.7946815135518563,-2.7912363161894036,,,0.0034451973624527454,8500,0.11536422182971781,2,,113.9414871289757,-0.048709435601267614,-3.445197105407715,272032,-0.2276865389187151,
32,0.0,616.50537109375,-0.34584902510323445,,-3.379438071365879,-3.3759503698381046,,,0.003487701527774334,9000,0.09660998708474773,2,,120.14068858522594,-0.07587473864623462,-3.487701416015625,288032,-0.15717702433248631,
32,0.0,617.8182373046875,-0.2664035455491103,,-3.7543428639085867,-3.750882414043499,,,0.0034604498650878668,9500,0.06508577047027407,2,,119.61932225222986,-0.09117781942040892,-3.460449695587158,304032,-0.1740913585952512,
32,0.0,618.8621826171875,-0.2122043158269662,,-2.9604221803397417,-2.956999930998358,,,0.0034222493413835764,10000,0.060127472722187124,3,,102.16277025666496,-0.06879403053608257,-3.4222490787506104,320032,-0.1491947750095278,
32,0.0,619.4156494140625,-0.34977763365532155,,-4.628901073993594,-4.625379966856391,,,0.0035211071372032166,10500,0.09582784471835232,3,,124.95644421398639,-0.0666406447985537,-3.5211069583892822,336032,-0.20031933464606483,
32,0.0,621.66357421875,-0.3801940923258371,,-2.373077192145673,-2.369647432386217,,,0.0034297597594559193,11000,0.08754357840468711,3,,122.23389179097637,-0.1198391367070144,-3.4297595024108887,352032,-0.2258062374410656,
32,0.0,622.8206176757812,-0.39206948824175925,,-4.306464993336119,-4.302954814570837,,,0.003510178765282035,11500,0.11806891269731175,3,,114.74801420800796,-0.045123337436962174,-3.510178565979004,368032,-0.18456834614171386,
32,0.0,623.4288330078125,-0.3219122260197764,,-2.322009411431071,-2.318520642607626,,,0.0034887688234448433,12000,0.08861617631178344,3,,126.58245904454265,-0.06982179621991236,-3.4887685775756836,384032,-0.23973440546869823,
32,0.0,624.0654907226562,-0.28872900803617085,,-2.3724567350891674,-2.369013483259573,,,0.0034432518295943737,12500,0.06695625928298463,3,,74.9406260399625,-0.09973955728128203,-3.443251609802246,400032,-0.1939666010079236,
